Beinkette;Anzahl_Beinketten;G_Methode;P_Methode;Status;Anzahl_Akt
S3PPP1;3;1;1;1;0
S3PPP1;3;1;2;1;0
S3PPP1;3;1;3;1;0
S3PPP1;3;1;8;1;0
S3PPP1;3;2;1;1;0
S3PPP1;3;2;2;1;0
S3PPP1;3;2;3;1;0
S3PPP1;3;2;8;1;0
S3PPP1;3;3;1;1;0
S3PPP1;3;3;2;1;0
S3PPP1;3;3;3;1;0
S3PPP1;3;3;8;1;0
S3PPP1;3;4;1;1;0
S3PPP1;3;4;2;1;0
S3PPP1;3;4;3;1;0
S3PPP1;3;4;8;1;0
S3PPP1;3;9;1;1;0
S3PPP1;3;9;2;1;0
S3PPP1;3;9;3;1;0
S3PPP1;3;9;8;1;0
S4PPPR1;3;1;1;1;0
S4PPPR1;3;1;2;1;0
S4PPPR1;3;1;3;1;0
S4PPPR1;3;1;8;1;0
S4PPPR1;3;2;1;1;0
S4PPPR1;3;2;2;1;0
S4PPPR1;3;2;3;1;0
S4PPPR1;3;2;8;1;0
S4PPPR1;3;3;1;1;0
S4PPPR1;3;3;2;1;0
S4PPPR1;3;3;3;1;0
S4PPPR1;3;3;8;1;0
S4PPPR1;3;4;1;1;0
S4PPPR1;3;4;2;1;0
S4PPPR1;3;4;3;1;0
S4PPPR1;3;4;8;1;0
S4PPPR1;3;9;1;1;0
S4PPPR1;3;9;2;1;0
S4PPPR1;3;9;3;1;0
S4PPPR1;3;9;8;1;0
S4PPPR2;3;1;1;1;0
S4PPPR2;3;1;2;1;0
S4PPPR2;3;1;3;1;0
S4PPPR2;3;1;8;1;0
S4PPPR2;3;2;1;1;0
S4PPPR2;3;2;2;1;0
S4PPPR2;3;2;3;1;0
S4PPPR2;3;2;8;1;0
S4PPPR2;3;3;1;1;0
S4PPPR2;3;3;2;1;0
S4PPPR2;3;3;3;1;0
S4PPPR2;3;3;8;1;0
S4PPPR2;3;4;1;1;0
S4PPPR2;3;4;2;1;0
S4PPPR2;3;4;3;1;0
S4PPPR2;3;4;8;1;0
S4PPPR2;3;9;1;1;0
S4PPPR2;3;9;2;1;0
S4PPPR2;3;9;3;1;0
S4PPPR2;3;9;8;1;0
S4PPPR3;3;1;1;1;0
S4PPPR3;3;1;2;1;0
S4PPPR3;3;1;3;1;0
S4PPPR3;3;1;8;1;0
S4PPPR3;3;2;1;1;0
S4PPPR3;3;2;2;1;0
S4PPPR3;3;2;3;1;0
S4PPPR3;3;2;8;1;0
S4PPPR3;3;3;1;1;0
S4PPPR3;3;3;2;1;0
S4PPPR3;3;3;3;1;0
S4PPPR3;3;3;8;1;0
S4PPPR3;3;4;1;1;0
S4PPPR3;3;4;2;1;0
S4PPPR3;3;4;3;1;0
S4PPPR3;3;4;8;1;0
S4PPPR3;3;9;1;1;0
S4PPPR3;3;9;2;1;0
S4PPPR3;3;9;3;1;0
S4PPPR3;3;9;8;1;0
S4PPRP1;3;1;1;1;0
S4PPRP1;3;1;2;1;0
S4PPRP1;3;1;3;1;0
S4PPRP1;3;1;8;1;0
S4PPRP1;3;2;1;1;0
S4PPRP1;3;2;2;1;0
S4PPRP1;3;2;3;1;0
S4PPRP1;3;2;8;1;0
S4PPRP1;3;3;1;1;0
S4PPRP1;3;3;2;1;0
S4PPRP1;3;3;3;1;0
S4PPRP1;3;3;8;1;0
S4PPRP1;3;4;1;1;0
S4PPRP1;3;4;2;1;0
S4PPRP1;3;4;3;1;0
S4PPRP1;3;4;8;1;0
S4PPRP1;3;9;1;1;0
S4PPRP1;3;9;2;1;0
S4PPRP1;3;9;3;1;0
S4PPRP1;3;9;8;1;0
S4PPRP2;3;1;1;1;0
S4PPRP2;3;1;2;1;0
S4PPRP2;3;1;3;1;0
S4PPRP2;3;1;8;1;0
S4PPRP2;3;2;1;1;0
S4PPRP2;3;2;2;1;0
S4PPRP2;3;2;3;1;0
S4PPRP2;3;2;8;1;0
S4PPRP2;3;3;1;1;0
S4PPRP2;3;3;2;1;0
S4PPRP2;3;3;3;1;0
S4PPRP2;3;3;8;1;0
S4PPRP2;3;4;1;1;0
S4PPRP2;3;4;2;1;0
S4PPRP2;3;4;3;1;0
S4PPRP2;3;4;8;1;0
S4PPRP2;3;9;1;1;0
S4PPRP2;3;9;2;1;0
S4PPRP2;3;9;3;1;0
S4PPRP2;3;9;8;1;0
S4PPRP3;3;1;1;1;0
S4PPRP3;3;1;2;1;0
S4PPRP3;3;1;3;1;0
S4PPRP3;3;2;1;1;0
S4PPRP3;3;2;2;1;0
S4PPRP3;3;2;3;1;0
S4PPRP3;3;3;1;1;0
S4PPRP3;3;3;2;1;0
S4PPRP3;3;3;3;1;0
S4PPRP3;3;4;1;1;0
S4PPRP3;3;4;2;1;0
S4PPRP3;3;4;3;1;0
S4PPRR1;3;1;1;1;0
S4PPRR1;3;1;2;1;0
S4PPRR1;3;1;3;1;0
S4PPRR1;3;1;8;1;0
S4PPRR1;3;2;1;1;0
S4PPRR1;3;2;2;1;0
S4PPRR1;3;2;3;1;0
S4PPRR1;3;2;8;1;0
S4PPRR1;3;3;1;1;0
S4PPRR1;3;3;2;1;0
S4PPRR1;3;3;3;1;0
S4PPRR1;3;3;8;1;0
S4PPRR1;3;4;1;1;0
S4PPRR1;3;4;2;1;0
S4PPRR1;3;4;3;1;0
S4PPRR1;3;4;8;1;0
S4PPRR1;3;9;1;1;0
S4PPRR1;3;9;2;1;0
S4PPRR1;3;9;3;1;0
S4PPRR1;3;9;8;1;0
S4PPRR2;3;1;1;1;0
S4PPRR2;3;1;2;1;0
S4PPRR2;3;1;3;1;0
S4PPRR2;3;1;8;1;0
S4PPRR2;3;2;1;1;0
S4PPRR2;3;2;2;1;0
S4PPRR2;3;2;3;1;0
S4PPRR2;3;2;8;1;0
S4PPRR2;3;3;1;1;0
S4PPRR2;3;3;2;1;0
S4PPRR2;3;3;3;1;0
S4PPRR2;3;3;8;1;0
S4PPRR2;3;4;1;1;0
S4PPRR2;3;4;2;1;0
S4PPRR2;3;4;3;1;0
S4PPRR2;3;4;8;1;0
S4PPRR2;3;9;1;1;0
S4PPRR2;3;9;2;1;0
S4PPRR2;3;9;3;1;0
S4PPRR2;3;9;8;1;0
S4PPRR3;3;1;1;1;0
S4PPRR3;3;1;2;1;0
S4PPRR3;3;1;3;1;0
S4PPRR3;3;1;8;1;0
S4PPRR3;3;2;1;1;0
S4PPRR3;3;2;2;1;0
S4PPRR3;3;2;3;1;0
S4PPRR3;3;2;8;1;0
S4PPRR3;3;3;1;1;0
S4PPRR3;3;3;2;1;0
S4PPRR3;3;3;3;1;0
S4PPRR3;3;3;8;1;0
S4PPRR3;3;4;1;1;0
S4PPRR3;3;4;2;1;0
S4PPRR3;3;4;3;1;0
S4PPRR3;3;4;8;1;0
S4PPRR3;3;9;1;1;0
S4PPRR3;3;9;2;1;0
S4PPRR3;3;9;3;1;0
S4PPRR3;3;9;8;1;0
S4PPRR4;3;1;1;1;0
S4PPRR4;3;1;2;1;0
S4PPRR4;3;1;3;1;0
S4PPRR4;3;1;8;1;0
S4PPRR4;3;2;1;1;0
S4PPRR4;3;2;2;1;0
S4PPRR4;3;2;3;1;0
S4PPRR4;3;2;8;1;0
S4PPRR4;3;3;1;1;0
S4PPRR4;3;3;2;1;0
S4PPRR4;3;3;3;1;0
S4PPRR4;3;3;8;1;0
S4PPRR4;3;4;1;1;0
S4PPRR4;3;4;2;1;0
S4PPRR4;3;4;3;1;0
S4PPRR4;3;4;8;1;0
S4PPRR4;3;9;1;1;0
S4PPRR4;3;9;2;1;0
S4PPRR4;3;9;3;1;0
S4PPRR4;3;9;8;1;0
S4PPRR5;3;1;1;1;0
S4PPRR5;3;1;2;1;0
S4PPRR5;3;1;3;1;0
S4PPRR5;3;1;8;1;0
S4PPRR5;3;2;1;1;0
S4PPRR5;3;2;2;1;0
S4PPRR5;3;2;3;1;0
S4PPRR5;3;2;8;1;0
S4PPRR5;3;3;1;1;0
S4PPRR5;3;3;2;1;0
S4PPRR5;3;3;3;1;0
S4PPRR5;3;3;8;1;0
S4PPRR5;3;4;1;1;0
S4PPRR5;3;4;2;1;0
S4PPRR5;3;4;3;1;0
S4PPRR5;3;4;8;1;0
S4PPRR5;3;9;1;1;0
S4PPRR5;3;9;2;1;0
S4PPRR5;3;9;3;1;0
S4PPRR5;3;9;8;1;0
S4PRPP1;3;1;1;1;0
S4PRPP1;3;1;2;1;0
S4PRPP1;3;1;3;1;0
S4PRPP1;3;1;8;1;0
S4PRPP1;3;2;1;1;0
S4PRPP1;3;2;2;1;0
S4PRPP1;3;2;3;1;0
S4PRPP1;3;2;8;1;0
S4PRPP1;3;3;1;1;0
S4PRPP1;3;3;2;1;0
S4PRPP1;3;3;3;1;0
S4PRPP1;3;3;8;1;0
S4PRPP1;3;4;1;1;0
S4PRPP1;3;4;2;1;0
S4PRPP1;3;4;3;1;0
S4PRPP1;3;4;8;1;0
S4PRPP1;3;9;1;1;0
S4PRPP1;3;9;2;1;0
S4PRPP1;3;9;3;1;0
S4PRPP1;3;9;8;1;0
S4PRPP2;3;1;1;1;0
S4PRPP2;3;1;2;1;0
S4PRPP2;3;1;3;1;0
S4PRPP2;3;1;8;1;0
S4PRPP2;3;2;1;1;0
S4PRPP2;3;2;2;1;0
S4PRPP2;3;2;3;1;0
S4PRPP2;3;2;8;1;0
S4PRPP2;3;3;1;1;0
S4PRPP2;3;3;2;1;0
S4PRPP2;3;3;3;1;0
S4PRPP2;3;3;8;1;0
S4PRPP2;3;4;1;1;0
S4PRPP2;3;4;2;1;0
S4PRPP2;3;4;3;1;0
S4PRPP2;3;4;8;1;0
S4PRPP2;3;9;1;1;0
S4PRPP2;3;9;2;1;0
S4PRPP2;3;9;3;1;0
S4PRPP2;3;9;8;1;0
S4PRPP3;3;1;1;1;0
S4PRPP3;3;1;2;1;0
S4PRPP3;3;1;3;1;0
S4PRPP3;3;2;1;1;0
S4PRPP3;3;2;2;1;0
S4PRPP3;3;2;3;1;0
S4PRPP3;3;3;1;1;0
S4PRPP3;3;3;2;1;0
S4PRPP3;3;3;3;1;0
S4PRPP3;3;4;1;1;0
S4PRPP3;3;4;2;1;0
S4PRPP3;3;4;3;1;0
S4PRPR1;3;1;1;1;0
S4PRPR1;3;1;2;1;0
S4PRPR1;3;1;3;1;0
S4PRPR1;3;1;8;1;0
S4PRPR1;3;2;1;1;0
S4PRPR1;3;2;2;1;0
S4PRPR1;3;2;3;1;0
S4PRPR1;3;2;8;1;0
S4PRPR1;3;3;1;1;0
S4PRPR1;3;3;2;1;0
S4PRPR1;3;3;3;1;0
S4PRPR1;3;3;8;1;0
S4PRPR1;3;4;1;1;0
S4PRPR1;3;4;2;1;0
S4PRPR1;3;4;3;1;0
S4PRPR1;3;4;8;1;0
S4PRPR1;3;9;1;1;0
S4PRPR1;3;9;2;1;0
S4PRPR1;3;9;3;1;0
S4PRPR1;3;9;8;1;0
S4PRPR2;3;1;1;1;0
S4PRPR2;3;1;2;1;0
S4PRPR2;3;1;3;1;0
S4PRPR2;3;1;8;1;0
S4PRPR2;3;2;1;1;0
S4PRPR2;3;2;2;1;0
S4PRPR2;3;2;3;1;0
S4PRPR2;3;2;8;1;0
S4PRPR2;3;3;1;1;0
S4PRPR2;3;3;2;1;0
S4PRPR2;3;3;3;1;0
S4PRPR2;3;3;8;1;0
S4PRPR2;3;4;1;1;0
S4PRPR2;3;4;2;1;0
S4PRPR2;3;4;3;1;0
S4PRPR2;3;4;8;1;0
S4PRPR2;3;9;1;1;0
S4PRPR2;3;9;2;1;0
S4PRPR2;3;9;3;1;0
S4PRPR2;3;9;8;1;0
S4PRPR3;3;1;1;1;0
S4PRPR3;3;1;2;1;0
S4PRPR3;3;1;3;1;0
S4PRPR3;3;1;8;1;0
S4PRPR3;3;2;1;1;0
S4PRPR3;3;2;2;1;0
S4PRPR3;3;2;3;1;0
S4PRPR3;3;2;8;1;0
S4PRPR3;3;3;1;1;0
S4PRPR3;3;3;2;1;0
S4PRPR3;3;3;3;1;0
S4PRPR3;3;3;8;1;0
S4PRPR3;3;4;1;1;0
S4PRPR3;3;4;2;1;0
S4PRPR3;3;4;3;1;0
S4PRPR3;3;4;8;1;0
S4PRPR3;3;9;1;1;0
S4PRPR3;3;9;2;1;0
S4PRPR3;3;9;3;1;0
S4PRPR3;3;9;8;1;0
S4PRPR4;3;1;1;1;0
S4PRPR4;3;1;2;1;0
S4PRPR4;3;1;3;1;0
S4PRPR4;3;1;8;1;0
S4PRPR4;3;2;1;1;0
S4PRPR4;3;2;2;1;0
S4PRPR4;3;2;3;1;0
S4PRPR4;3;2;8;1;0
S4PRPR4;3;3;1;1;0
S4PRPR4;3;3;2;1;0
S4PRPR4;3;3;3;1;0
S4PRPR4;3;3;8;1;0
S4PRPR4;3;4;1;1;0
S4PRPR4;3;4;2;1;0
S4PRPR4;3;4;3;1;0
S4PRPR4;3;4;8;1;0
S4PRPR4;3;9;1;1;0
S4PRPR4;3;9;2;1;0
S4PRPR4;3;9;3;1;0
S4PRPR4;3;9;8;1;0
S4PRPR5;3;1;1;1;0
S4PRPR5;3;1;2;1;0
S4PRPR5;3;1;3;1;0
S4PRPR5;3;1;8;1;0
S4PRPR5;3;2;1;1;0
S4PRPR5;3;2;2;1;0
S4PRPR5;3;2;3;1;0
S4PRPR5;3;2;8;1;0
S4PRPR5;3;3;1;1;0
S4PRPR5;3;3;2;1;0
S4PRPR5;3;3;3;1;0
S4PRPR5;3;3;8;1;0
S4PRPR5;3;4;1;1;0
S4PRPR5;3;4;2;1;0
S4PRPR5;3;4;3;1;0
S4PRPR5;3;4;8;1;0
S4PRPR5;3;9;1;1;0
S4PRPR5;3;9;2;1;0
S4PRPR5;3;9;3;1;0
S4PRPR5;3;9;8;1;0
S4PRPR6;3;1;1;1;0
S4PRPR6;3;1;2;1;0
S4PRPR6;3;1;3;1;0
S4PRPR6;3;1;8;1;0
S4PRPR6;3;2;1;1;0
S4PRPR6;3;2;2;1;0
S4PRPR6;3;2;3;1;0
S4PRPR6;3;2;8;1;0
S4PRPR6;3;3;1;1;0
S4PRPR6;3;3;2;1;0
S4PRPR6;3;3;3;1;0
S4PRPR6;3;3;8;1;0
S4PRPR6;3;4;1;1;0
S4PRPR6;3;4;2;1;0
S4PRPR6;3;4;3;1;0
S4PRPR6;3;4;8;1;0
S4PRPR6;3;9;1;1;0
S4PRPR6;3;9;2;1;0
S4PRPR6;3;9;3;1;0
S4PRPR6;3;9;8;1;0
S4PRPR7;3;1;1;1;0
S4PRPR7;3;1;2;1;0
S4PRPR7;3;1;3;1;0
S4PRPR7;3;1;8;1;0
S4PRPR7;3;2;1;1;0
S4PRPR7;3;2;2;1;0
S4PRPR7;3;2;3;1;0
S4PRPR7;3;2;8;1;0
S4PRPR7;3;3;1;1;0
S4PRPR7;3;3;2;1;0
S4PRPR7;3;3;3;1;0
S4PRPR7;3;3;8;1;0
S4PRPR7;3;4;1;1;0
S4PRPR7;3;4;2;1;0
S4PRPR7;3;4;3;1;0
S4PRPR7;3;4;8;1;0
S4PRPR7;3;9;1;1;0
S4PRPR7;3;9;2;1;0
S4PRPR7;3;9;3;1;0
S4PRPR7;3;9;8;1;0
S4PRRP1;3;1;1;1;0
S4PRRP1;3;1;2;1;0
S4PRRP1;3;1;3;1;0
S4PRRP1;3;1;8;1;0
S4PRRP1;3;2;1;1;0
S4PRRP1;3;2;2;1;0
S4PRRP1;3;2;3;1;0
S4PRRP1;3;2;8;1;0
S4PRRP1;3;3;1;1;0
S4PRRP1;3;3;2;1;0
S4PRRP1;3;3;3;1;0
S4PRRP1;3;3;8;1;0
S4PRRP1;3;4;1;1;0
S4PRRP1;3;4;2;1;0
S4PRRP1;3;4;3;1;0
S4PRRP1;3;4;8;1;0
S4PRRP1;3;9;1;1;0
S4PRRP1;3;9;2;1;0
S4PRRP1;3;9;3;1;0
S4PRRP1;3;9;8;1;0
S4PRRP2;3;1;1;1;0
S4PRRP2;3;1;2;1;0
S4PRRP2;3;1;3;1;0
S4PRRP2;3;2;1;1;0
S4PRRP2;3;2;2;1;0
S4PRRP2;3;2;3;1;0
S4PRRP2;3;3;1;1;0
S4PRRP2;3;3;2;1;0
S4PRRP2;3;3;3;1;0
S4PRRP2;3;4;1;1;0
S4PRRP2;3;4;2;1;0
S4PRRP2;3;4;3;1;0
S4PRRP3;3;1;1;1;0
S4PRRP3;3;1;2;1;0
S4PRRP3;3;1;3;1;0
S4PRRP3;3;1;8;1;0
S4PRRP3;3;2;1;1;0
S4PRRP3;3;2;2;1;0
S4PRRP3;3;2;3;1;0
S4PRRP3;3;2;8;1;0
S4PRRP3;3;3;1;1;0
S4PRRP3;3;3;2;1;0
S4PRRP3;3;3;3;1;0
S4PRRP3;3;3;8;1;0
S4PRRP3;3;4;1;1;0
S4PRRP3;3;4;2;1;0
S4PRRP3;3;4;3;1;0
S4PRRP3;3;4;8;1;0
S4PRRP3;3;9;1;1;0
S4PRRP3;3;9;2;1;0
S4PRRP3;3;9;3;1;0
S4PRRP3;3;9;8;1;0
S4PRRP4;3;1;1;1;0
S4PRRP4;3;1;2;1;0
S4PRRP4;3;1;3;1;0
S4PRRP4;3;1;8;1;0
S4PRRP4;3;2;1;1;0
S4PRRP4;3;2;2;1;0
S4PRRP4;3;2;3;1;0
S4PRRP4;3;2;8;1;0
S4PRRP4;3;3;1;1;0
S4PRRP4;3;3;2;1;0
S4PRRP4;3;3;3;1;0
S4PRRP4;3;3;8;1;0
S4PRRP4;3;4;1;1;0
S4PRRP4;3;4;2;1;0
S4PRRP4;3;4;3;1;0
S4PRRP4;3;4;8;1;0
S4PRRP4;3;9;1;1;0
S4PRRP4;3;9;2;1;0
S4PRRP4;3;9;3;1;0
S4PRRP4;3;9;8;1;0
S4PRRP5;3;1;1;1;0
S4PRRP5;3;1;2;1;0
S4PRRP5;3;1;3;1;0
S4PRRP5;3;1;8;1;0
S4PRRP5;3;2;1;1;0
S4PRRP5;3;2;2;1;0
S4PRRP5;3;2;3;1;0
S4PRRP5;3;2;8;1;0
S4PRRP5;3;3;1;1;0
S4PRRP5;3;3;2;1;0
S4PRRP5;3;3;3;1;0
S4PRRP5;3;3;8;1;0
S4PRRP5;3;4;1;1;0
S4PRRP5;3;4;2;1;0
S4PRRP5;3;4;3;1;0
S4PRRP5;3;4;8;1;0
S4PRRP5;3;9;1;1;0
S4PRRP5;3;9;2;1;0
S4PRRP5;3;9;3;1;0
S4PRRP5;3;9;8;1;0
S4PRRP6;3;1;1;1;0
S4PRRP6;3;1;2;1;0
S4PRRP6;3;1;3;1;0
S4PRRP6;3;1;8;1;0
S4PRRP6;3;2;1;1;0
S4PRRP6;3;2;2;1;0
S4PRRP6;3;2;3;1;0
S4PRRP6;3;2;8;1;0
S4PRRP6;3;3;1;1;0
S4PRRP6;3;3;2;1;0
S4PRRP6;3;3;3;1;0
S4PRRP6;3;3;8;1;0
S4PRRP6;3;4;1;1;0
S4PRRP6;3;4;2;1;0
S4PRRP6;3;4;3;1;0
S4PRRP6;3;4;8;1;0
S4PRRP6;3;9;1;1;0
S4PRRP6;3;9;2;1;0
S4PRRP6;3;9;3;1;0
S4PRRP6;3;9;8;1;0
S4PRRR1;3;1;1;0;0
S4PRRR1;3;1;2;3;0
S4PRRR1;3;1;3;3;0
S4PRRR1;3;1;8;3;0
S4PRRR1;3;2;1;2;0
S4PRRR1;3;2;2;0;0
S4PRRR1;3;2;3;3;0
S4PRRR1;3;2;8;3;0
S4PRRR1;3;3;1;2;0
S4PRRR1;3;3;2;3;0
S4PRRR1;3;3;3;0;0
S4PRRR1;3;3;8;3;0
S4PRRR1;3;4;1;2;0
S4PRRR1;3;4;2;2;0
S4PRRR1;3;4;3;2;0
S4PRRR1;3;4;8;2;0
S4PRRR1;3;9;1;2;0
S4PRRR1;3;9;2;3;0
S4PRRR1;3;9;3;3;0
S4PRRR1;3;9;8;3;0
S4PRRR2;3;1;1;3;0
S4PRRR2;3;1;2;2;0
S4PRRR2;3;1;3;2;0
S4PRRR2;3;2;1;2;0
S4PRRR2;3;2;2;3;0
S4PRRR2;3;2;3;2;0
S4PRRR2;3;3;1;2;0
S4PRRR2;3;3;2;2;0
S4PRRR2;3;3;3;3;0
S4PRRR2;3;4;1;2;0
S4PRRR2;3;4;2;2;0
S4PRRR2;3;4;3;2;0
S4PRRR3;3;1;1;3;0
S4PRRR3;3;1;2;3;0
S4PRRR3;3;1;3;3;0
S4PRRR3;3;1;8;3;0
S4PRRR3;3;2;1;2;0
S4PRRR3;3;2;2;3;0
S4PRRR3;3;2;3;3;0
S4PRRR3;3;2;8;3;0
S4PRRR3;3;3;1;2;0
S4PRRR3;3;3;2;3;0
S4PRRR3;3;3;3;3;0
S4PRRR3;3;3;8;3;0
S4PRRR3;3;4;1;2;0
S4PRRR3;3;4;2;2;0
S4PRRR3;3;4;3;2;0
S4PRRR3;3;4;8;2;0
S4PRRR3;3;9;1;2;0
S4PRRR3;3;9;2;3;0
S4PRRR3;3;9;3;3;0
S4PRRR3;3;9;8;3;0
S4PRRR4;3;1;1;3;0
S4PRRR4;3;1;2;3;0
S4PRRR4;3;1;3;3;0
S4PRRR4;3;1;8;3;0
S4PRRR4;3;2;1;2;0
S4PRRR4;3;2;2;3;0
S4PRRR4;3;2;3;3;0
S4PRRR4;3;2;8;3;0
S4PRRR4;3;3;1;2;0
S4PRRR4;3;3;2;3;0
S4PRRR4;3;3;3;3;0
S4PRRR4;3;3;8;3;0
S4PRRR4;3;4;1;2;0
S4PRRR4;3;4;2;2;0
S4PRRR4;3;4;3;2;0
S4PRRR4;3;4;8;2;0
S4PRRR4;3;9;1;2;0
S4PRRR4;3;9;2;3;0
S4PRRR4;3;9;3;3;0
S4PRRR4;3;9;8;3;0
S4PRRR5;3;1;1;3;0
S4PRRR5;3;1;2;3;0
S4PRRR5;3;1;3;3;0
S4PRRR5;3;1;8;3;0
S4PRRR5;3;2;1;3;0
S4PRRR5;3;2;2;3;0
S4PRRR5;3;2;3;3;0
S4PRRR5;3;2;8;3;0
S4PRRR5;3;3;1;3;0
S4PRRR5;3;3;2;3;0
S4PRRR5;3;3;3;3;0
S4PRRR5;3;3;8;3;0
S4PRRR5;3;4;1;3;0
S4PRRR5;3;4;2;3;0
S4PRRR5;3;4;3;3;0
S4PRRR5;3;4;8;3;0
S4PRRR5;3;9;1;3;0
S4PRRR5;3;9;2;3;0
S4PRRR5;3;9;3;3;0
S4PRRR5;3;9;8;3;0
S4PRRR6;3;1;1;3;0
S4PRRR6;3;1;2;3;0
S4PRRR6;3;1;3;3;0
S4PRRR6;3;1;8;3;0
S4PRRR6;3;2;1;3;0
S4PRRR6;3;2;2;3;0
S4PRRR6;3;2;3;3;0
S4PRRR6;3;2;8;3;0
S4PRRR6;3;3;1;3;0
S4PRRR6;3;3;2;3;0
S4PRRR6;3;3;3;3;0
S4PRRR6;3;3;8;3;0
S4PRRR6;3;4;1;3;0
S4PRRR6;3;4;2;3;0
S4PRRR6;3;4;3;3;0
S4PRRR6;3;4;8;3;0
S4PRRR6;3;9;1;3;0
S4PRRR6;3;9;2;3;0
S4PRRR6;3;9;3;3;0
S4PRRR6;3;9;8;3;0
S4PRRR7;3;1;1;3;0
S4PRRR7;3;1;2;3;0
S4PRRR7;3;1;3;3;0
S4PRRR7;3;1;8;3;0
S4PRRR7;3;2;1;3;0
S4PRRR7;3;2;2;3;0
S4PRRR7;3;2;3;3;0
S4PRRR7;3;2;8;3;0
S4PRRR7;3;3;1;3;0
S4PRRR7;3;3;2;3;0
S4PRRR7;3;3;3;3;0
S4PRRR7;3;3;8;3;0
S4PRRR7;3;4;1;3;0
S4PRRR7;3;4;2;3;0
S4PRRR7;3;4;3;3;0
S4PRRR7;3;4;8;3;0
S4PRRR7;3;9;1;3;0
S4PRRR7;3;9;2;3;0
S4PRRR7;3;9;3;3;0
S4PRRR7;3;9;8;3;0
S4RPPP1;3;1;1;1;0
S4RPPP1;3;1;2;1;0
S4RPPP1;3;1;3;1;0
S4RPPP1;3;1;8;1;0
S4RPPP1;3;2;1;1;0
S4RPPP1;3;2;2;1;0
S4RPPP1;3;2;3;1;0
S4RPPP1;3;2;8;1;0
S4RPPP1;3;3;1;1;0
S4RPPP1;3;3;2;1;0
S4RPPP1;3;3;3;1;0
S4RPPP1;3;3;8;1;0
S4RPPP1;3;4;1;1;0
S4RPPP1;3;4;2;1;0
S4RPPP1;3;4;3;1;0
S4RPPP1;3;4;8;1;0
S4RPPP1;3;9;1;1;0
S4RPPP1;3;9;2;1;0
S4RPPP1;3;9;3;1;0
S4RPPP1;3;9;8;1;0
S4RPPR1;3;1;1;1;0
S4RPPR1;3;1;2;1;0
S4RPPR1;3;1;3;1;0
S4RPPR1;3;1;8;1;0
S4RPPR1;3;2;1;1;0
S4RPPR1;3;2;2;1;0
S4RPPR1;3;2;3;1;0
S4RPPR1;3;2;8;1;0
S4RPPR1;3;3;1;1;0
S4RPPR1;3;3;2;1;0
S4RPPR1;3;3;3;1;0
S4RPPR1;3;3;8;1;0
S4RPPR1;3;4;1;1;0
S4RPPR1;3;4;2;1;0
S4RPPR1;3;4;3;1;0
S4RPPR1;3;4;8;1;0
S4RPPR1;3;9;1;1;0
S4RPPR1;3;9;2;1;0
S4RPPR1;3;9;3;1;0
S4RPPR1;3;9;8;1;0
S4RPPR2;3;1;1;1;0
S4RPPR2;3;1;2;1;0
S4RPPR2;3;1;3;1;0
S4RPPR2;3;1;8;1;0
S4RPPR2;3;2;1;1;0
S4RPPR2;3;2;2;1;0
S4RPPR2;3;2;3;1;0
S4RPPR2;3;2;8;1;0
S4RPPR2;3;3;1;1;0
S4RPPR2;3;3;2;1;0
S4RPPR2;3;3;3;1;0
S4RPPR2;3;3;8;1;0
S4RPPR2;3;4;1;1;0
S4RPPR2;3;4;2;1;0
S4RPPR2;3;4;3;1;0
S4RPPR2;3;4;8;1;0
S4RPPR2;3;9;1;1;0
S4RPPR2;3;9;2;1;0
S4RPPR2;3;9;3;1;0
S4RPPR2;3;9;8;1;0
S4RPPR3;3;1;1;1;0
S4RPPR3;3;1;2;1;0
S4RPPR3;3;1;3;1;0
S4RPPR3;3;1;8;1;0
S4RPPR3;3;2;1;1;0
S4RPPR3;3;2;2;1;0
S4RPPR3;3;2;3;1;0
S4RPPR3;3;2;8;1;0
S4RPPR3;3;3;1;1;0
S4RPPR3;3;3;2;1;0
S4RPPR3;3;3;3;1;0
S4RPPR3;3;3;8;1;0
S4RPPR3;3;4;1;1;0
S4RPPR3;3;4;2;1;0
S4RPPR3;3;4;3;1;0
S4RPPR3;3;4;8;1;0
S4RPPR3;3;9;1;1;0
S4RPPR3;3;9;2;1;0
S4RPPR3;3;9;3;1;0
S4RPPR3;3;9;8;1;0
S4RPPR4;3;1;1;1;0
S4RPPR4;3;1;2;1;0
S4RPPR4;3;1;3;1;0
S4RPPR4;3;1;8;1;0
S4RPPR4;3;2;1;1;0
S4RPPR4;3;2;2;1;0
S4RPPR4;3;2;3;1;0
S4RPPR4;3;2;8;1;0
S4RPPR4;3;3;1;1;0
S4RPPR4;3;3;2;1;0
S4RPPR4;3;3;3;1;0
S4RPPR4;3;3;8;1;0
S4RPPR4;3;4;1;1;0
S4RPPR4;3;4;2;1;0
S4RPPR4;3;4;3;1;0
S4RPPR4;3;4;8;1;0
S4RPPR4;3;9;1;1;0
S4RPPR4;3;9;2;1;0
S4RPPR4;3;9;3;1;0
S4RPPR4;3;9;8;1;0
S4RPPR5;3;1;1;1;0
S4RPPR5;3;1;2;1;0
S4RPPR5;3;1;3;1;0
S4RPPR5;3;1;8;1;0
S4RPPR5;3;2;1;1;0
S4RPPR5;3;2;2;1;0
S4RPPR5;3;2;3;1;0
S4RPPR5;3;2;8;1;0
S4RPPR5;3;3;1;1;0
S4RPPR5;3;3;2;1;0
S4RPPR5;3;3;3;1;0
S4RPPR5;3;3;8;1;0
S4RPPR5;3;4;1;1;0
S4RPPR5;3;4;2;1;0
S4RPPR5;3;4;3;1;0
S4RPPR5;3;4;8;1;0
S4RPPR5;3;9;1;1;0
S4RPPR5;3;9;2;1;0
S4RPPR5;3;9;3;1;0
S4RPPR5;3;9;8;1;0
S4RPPR6;3;1;1;1;0
S4RPPR6;3;1;2;1;0
S4RPPR6;3;1;3;1;0
S4RPPR6;3;1;8;1;0
S4RPPR6;3;2;1;1;0
S4RPPR6;3;2;2;1;0
S4RPPR6;3;2;3;1;0
S4RPPR6;3;2;8;1;0
S4RPPR6;3;3;1;1;0
S4RPPR6;3;3;2;1;0
S4RPPR6;3;3;3;1;0
S4RPPR6;3;3;8;1;0
S4RPPR6;3;4;1;1;0
S4RPPR6;3;4;2;1;0
S4RPPR6;3;4;3;1;0
S4RPPR6;3;4;8;1;0
S4RPPR6;3;9;1;1;0
S4RPPR6;3;9;2;1;0
S4RPPR6;3;9;3;1;0
S4RPPR6;3;9;8;1;0
S4RPRP1;3;1;1;1;0
S4RPRP1;3;1;2;1;0
S4RPRP1;3;1;3;1;0
S4RPRP1;3;1;8;1;0
S4RPRP1;3;2;1;1;0
S4RPRP1;3;2;2;1;0
S4RPRP1;3;2;3;1;0
S4RPRP1;3;2;8;1;0
S4RPRP1;3;3;1;1;0
S4RPRP1;3;3;2;1;0
S4RPRP1;3;3;3;1;0
S4RPRP1;3;3;8;1;0
S4RPRP1;3;4;1;1;0
S4RPRP1;3;4;2;1;0
S4RPRP1;3;4;3;1;0
S4RPRP1;3;4;8;1;0
S4RPRP1;3;9;1;1;0
S4RPRP1;3;9;2;1;0
S4RPRP1;3;9;3;1;0
S4RPRP1;3;9;8;1;0
S4RPRP2;3;1;1;1;0
S4RPRP2;3;1;2;1;0
S4RPRP2;3;1;3;1;0
S4RPRP2;3;2;1;1;0
S4RPRP2;3;2;2;1;0
S4RPRP2;3;2;3;1;0
S4RPRP2;3;3;1;1;0
S4RPRP2;3;3;2;1;0
S4RPRP2;3;3;3;1;0
S4RPRP2;3;4;1;1;0
S4RPRP2;3;4;2;1;0
S4RPRP2;3;4;3;1;0
S4RPRP3;3;1;1;1;0
S4RPRP3;3;1;2;1;0
S4RPRP3;3;1;3;1;0
S4RPRP3;3;1;8;1;0
S4RPRP3;3;2;1;1;0
S4RPRP3;3;2;2;1;0
S4RPRP3;3;2;3;1;0
S4RPRP3;3;2;8;1;0
S4RPRP3;3;3;1;1;0
S4RPRP3;3;3;2;1;0
S4RPRP3;3;3;3;1;0
S4RPRP3;3;3;8;1;0
S4RPRP3;3;4;1;1;0
S4RPRP3;3;4;2;1;0
S4RPRP3;3;4;3;1;0
S4RPRP3;3;4;8;1;0
S4RPRP3;3;9;1;1;0
S4RPRP3;3;9;2;1;0
S4RPRP3;3;9;3;1;0
S4RPRP3;3;9;8;1;0
S4RPRP4;3;1;1;1;0
S4RPRP4;3;1;2;1;0
S4RPRP4;3;1;3;1;0
S4RPRP4;3;1;8;1;0
S4RPRP4;3;2;1;1;0
S4RPRP4;3;2;2;1;0
S4RPRP4;3;2;3;1;0
S4RPRP4;3;2;8;1;0
S4RPRP4;3;3;1;1;0
S4RPRP4;3;3;2;1;0
S4RPRP4;3;3;3;1;0
S4RPRP4;3;3;8;1;0
S4RPRP4;3;4;1;1;0
S4RPRP4;3;4;2;1;0
S4RPRP4;3;4;3;1;0
S4RPRP4;3;4;8;1;0
S4RPRP4;3;9;1;1;0
S4RPRP4;3;9;2;1;0
S4RPRP4;3;9;3;1;0
S4RPRP4;3;9;8;1;0
S4RPRP5;3;1;1;1;0
S4RPRP5;3;1;2;1;0
S4RPRP5;3;1;3;1;0
S4RPRP5;3;1;8;1;0
S4RPRP5;3;2;1;1;0
S4RPRP5;3;2;2;1;0
S4RPRP5;3;2;3;1;0
S4RPRP5;3;2;8;1;0
S4RPRP5;3;3;1;1;0
S4RPRP5;3;3;2;1;0
S4RPRP5;3;3;3;1;0
S4RPRP5;3;3;8;1;0
S4RPRP5;3;4;1;1;0
S4RPRP5;3;4;2;1;0
S4RPRP5;3;4;3;1;0
S4RPRP5;3;4;8;1;0
S4RPRP5;3;9;1;1;0
S4RPRP5;3;9;2;1;0
S4RPRP5;3;9;3;1;0
S4RPRP5;3;9;8;1;0
S4RPRP6;3;1;1;1;0
S4RPRP6;3;1;2;1;0
S4RPRP6;3;1;3;1;0
S4RPRP6;3;2;1;1;0
S4RPRP6;3;2;2;1;0
S4RPRP6;3;2;3;1;0
S4RPRP6;3;3;1;1;0
S4RPRP6;3;3;2;1;0
S4RPRP6;3;3;3;1;0
S4RPRP6;3;4;1;1;0
S4RPRP6;3;4;2;1;0
S4RPRP6;3;4;3;1;0
S4RPRP7;3;1;1;1;0
S4RPRP7;3;1;2;1;0
S4RPRP7;3;1;3;1;0
S4RPRP7;3;2;1;1;0
S4RPRP7;3;2;2;1;0
S4RPRP7;3;2;3;1;0
S4RPRP7;3;3;1;1;0
S4RPRP7;3;3;2;1;0
S4RPRP7;3;3;3;1;0
S4RPRP7;3;4;1;1;0
S4RPRP7;3;4;2;1;0
S4RPRP7;3;4;3;1;0
S4RPRR1;3;1;1;0;0
S4RPRR1;3;1;2;3;0
S4RPRR1;3;1;3;3;0
S4RPRR1;3;1;8;3;0
S4RPRR1;3;2;1;2;0
S4RPRR1;3;2;2;0;0
S4RPRR1;3;2;3;3;0
S4RPRR1;3;2;8;3;0
S4RPRR1;3;3;1;2;0
S4RPRR1;3;3;2;3;0
S4RPRR1;3;3;3;0;0
S4RPRR1;3;3;8;3;0
S4RPRR1;3;4;1;2;0
S4RPRR1;3;4;2;2;0
S4RPRR1;3;4;3;2;0
S4RPRR1;3;4;8;2;0
S4RPRR1;3;9;1;2;0
S4RPRR1;3;9;2;3;0
S4RPRR1;3;9;3;3;0
S4RPRR1;3;9;8;3;0
S4RPRR2;3;1;1;3;0
S4RPRR2;3;1;2;3;0
S4RPRR2;3;1;3;3;0
S4RPRR2;3;1;8;3;0
S4RPRR2;3;2;1;2;0
S4RPRR2;3;2;2;3;0
S4RPRR2;3;2;3;3;0
S4RPRR2;3;2;8;3;0
S4RPRR2;3;3;1;2;0
S4RPRR2;3;3;2;3;0
S4RPRR2;3;3;3;3;0
S4RPRR2;3;3;8;3;0
S4RPRR2;3;4;1;2;0
S4RPRR2;3;4;2;2;0
S4RPRR2;3;4;3;2;0
S4RPRR2;3;4;8;2;0
S4RPRR2;3;9;1;2;0
S4RPRR2;3;9;2;3;0
S4RPRR2;3;9;3;3;0
S4RPRR2;3;9;8;3;0
S4RPRR3;3;1;1;3;0
S4RPRR3;3;1;2;3;0
S4RPRR3;3;1;3;3;0
S4RPRR3;3;1;8;3;0
S4RPRR3;3;2;1;2;0
S4RPRR3;3;2;2;3;0
S4RPRR3;3;2;3;3;0
S4RPRR3;3;2;8;3;0
S4RPRR3;3;3;1;2;0
S4RPRR3;3;3;2;3;0
S4RPRR3;3;3;3;3;0
S4RPRR3;3;3;8;3;0
S4RPRR3;3;4;1;2;0
S4RPRR3;3;4;2;2;0
S4RPRR3;3;4;3;2;0
S4RPRR3;3;4;8;2;0
S4RPRR3;3;9;1;2;0
S4RPRR3;3;9;2;3;0
S4RPRR3;3;9;3;3;0
S4RPRR3;3;9;8;3;0
S4RPRR4;3;1;1;3;0
S4RPRR4;3;1;2;3;0
S4RPRR4;3;1;3;3;0
S4RPRR4;3;1;8;3;0
S4RPRR4;3;2;1;3;0
S4RPRR4;3;2;2;3;0
S4RPRR4;3;2;3;3;0
S4RPRR4;3;2;8;3;0
S4RPRR4;3;3;1;3;0
S4RPRR4;3;3;2;3;0
S4RPRR4;3;3;3;3;0
S4RPRR4;3;3;8;3;0
S4RPRR4;3;4;1;3;0
S4RPRR4;3;4;2;3;0
S4RPRR4;3;4;3;3;0
S4RPRR4;3;4;8;3;0
S4RPRR4;3;9;1;3;0
S4RPRR4;3;9;2;3;0
S4RPRR4;3;9;3;3;0
S4RPRR4;3;9;8;3;0
S4RPRR6;3;1;1;3;0
S4RPRR6;3;1;2;3;0
S4RPRR6;3;1;3;3;0
S4RPRR6;3;1;8;3;0
S4RPRR6;3;2;1;2;0
S4RPRR6;3;2;2;3;0
S4RPRR6;3;2;3;3;0
S4RPRR6;3;2;8;3;0
S4RPRR6;3;3;1;2;0
S4RPRR6;3;3;2;3;0
S4RPRR6;3;3;3;3;0
S4RPRR6;3;3;8;3;0
S4RPRR6;3;4;1;2;0
S4RPRR6;3;4;2;2;0
S4RPRR6;3;4;3;2;0
S4RPRR6;3;4;8;2;0
S4RPRR6;3;9;1;2;0
S4RPRR6;3;9;2;3;0
S4RPRR6;3;9;3;3;0
S4RPRR6;3;9;8;3;0
S4RPRR7;3;1;1;3;0
S4RPRR7;3;1;2;3;0
S4RPRR7;3;1;3;3;0
S4RPRR7;3;1;8;3;0
S4RPRR7;3;2;1;3;0
S4RPRR7;3;2;2;3;0
S4RPRR7;3;2;3;3;0
S4RPRR7;3;2;8;3;0
S4RPRR7;3;3;1;3;0
S4RPRR7;3;3;2;3;0
S4RPRR7;3;3;3;3;0
S4RPRR7;3;3;8;3;0
S4RPRR7;3;4;1;3;0
S4RPRR7;3;4;2;3;0
S4RPRR7;3;4;3;3;0
S4RPRR7;3;4;8;3;0
S4RPRR7;3;9;1;3;0
S4RPRR7;3;9;2;3;0
S4RPRR7;3;9;3;3;0
S4RPRR7;3;9;8;3;0
S4RPRR8;3;1;1;3;0
S4RPRR8;3;1;2;3;0
S4RPRR8;3;1;3;3;0
S4RPRR8;3;2;1;2;0
S4RPRR8;3;2;2;3;0
S4RPRR8;3;2;3;3;0
S4RPRR8;3;3;1;2;0
S4RPRR8;3;3;2;3;0
S4RPRR8;3;3;3;3;0
S4RPRR8;3;4;1;2;0
S4RPRR8;3;4;2;2;0
S4RPRR8;3;4;3;2;0
S4RPRR9;3;1;1;3;0
S4RPRR9;3;1;2;3;0
S4RPRR9;3;1;3;3;0
S4RPRR9;3;2;1;3;0
S4RPRR9;3;2;2;3;0
S4RPRR9;3;2;3;3;0
S4RPRR9;3;3;1;3;0
S4RPRR9;3;3;2;3;0
S4RPRR9;3;3;3;3;0
S4RPRR9;3;4;1;3;0
S4RPRR9;3;4;2;3;0
S4RPRR9;3;4;3;3;0
S4RRPP1;3;1;1;1;0
S4RRPP1;3;1;2;1;0
S4RRPP1;3;1;3;1;0
S4RRPP1;3;1;8;1;0
S4RRPP1;3;2;1;1;0
S4RRPP1;3;2;2;1;0
S4RRPP1;3;2;3;1;0
S4RRPP1;3;2;8;1;0
S4RRPP1;3;3;1;1;0
S4RRPP1;3;3;2;1;0
S4RRPP1;3;3;3;1;0
S4RRPP1;3;3;8;1;0
S4RRPP1;3;4;1;1;0
S4RRPP1;3;4;2;1;0
S4RRPP1;3;4;3;1;0
S4RRPP1;3;4;8;1;0
S4RRPP1;3;9;1;1;0
S4RRPP1;3;9;2;1;0
S4RRPP1;3;9;3;1;0
S4RRPP1;3;9;8;1;0
S4RRPP2;3;1;1;1;0
S4RRPP2;3;1;2;1;0
S4RRPP2;3;1;3;1;0
S4RRPP2;3;2;1;1;0
S4RRPP2;3;2;2;1;0
S4RRPP2;3;2;3;1;0
S4RRPP2;3;3;1;1;0
S4RRPP2;3;3;2;1;0
S4RRPP2;3;3;3;1;0
S4RRPP2;3;4;1;1;0
S4RRPP2;3;4;2;1;0
S4RRPP2;3;4;3;1;0
S4RRPP3;3;1;1;1;0
S4RRPP3;3;1;2;1;0
S4RRPP3;3;1;3;1;0
S4RRPP3;3;1;8;1;0
S4RRPP3;3;2;1;1;0
S4RRPP3;3;2;2;1;0
S4RRPP3;3;2;3;1;0
S4RRPP3;3;2;8;1;0
S4RRPP3;3;3;1;1;0
S4RRPP3;3;3;2;1;0
S4RRPP3;3;3;3;1;0
S4RRPP3;3;3;8;1;0
S4RRPP3;3;4;1;1;0
S4RRPP3;3;4;2;1;0
S4RRPP3;3;4;3;1;0
S4RRPP3;3;4;8;1;0
S4RRPP3;3;9;1;1;0
S4RRPP3;3;9;2;1;0
S4RRPP3;3;9;3;1;0
S4RRPP3;3;9;8;1;0
S4RRPP4;3;1;1;1;0
S4RRPP4;3;1;2;1;0
S4RRPP4;3;1;3;1;0
S4RRPP4;3;2;1;1;0
S4RRPP4;3;2;2;1;0
S4RRPP4;3;2;3;1;0
S4RRPP4;3;3;1;1;0
S4RRPP4;3;3;2;1;0
S4RRPP4;3;3;3;1;0
S4RRPP4;3;4;1;1;0
S4RRPP4;3;4;2;1;0
S4RRPP4;3;4;3;1;0
S4RRPP5;3;1;1;1;0
S4RRPP5;3;1;2;1;0
S4RRPP5;3;1;3;1;0
S4RRPP5;3;2;1;1;0
S4RRPP5;3;2;2;1;0
S4RRPP5;3;2;3;1;0
S4RRPP5;3;3;1;1;0
S4RRPP5;3;3;2;1;0
S4RRPP5;3;3;3;1;0
S4RRPP5;3;4;1;1;0
S4RRPP5;3;4;2;1;0
S4RRPP5;3;4;3;1;0
S4RRPR1;3;1;1;0;0
S4RRPR1;3;1;2;3;0
S4RRPR1;3;1;3;3;0
S4RRPR1;3;1;8;3;0
S4RRPR1;3;2;1;2;0
S4RRPR1;3;2;2;0;0
S4RRPR1;3;2;3;3;0
S4RRPR1;3;2;8;3;0
S4RRPR1;3;3;1;2;0
S4RRPR1;3;3;2;3;0
S4RRPR1;3;3;3;0;0
S4RRPR1;3;3;8;3;0
S4RRPR1;3;4;1;2;0
S4RRPR1;3;4;2;2;0
S4RRPR1;3;4;3;2;0
S4RRPR1;3;4;8;2;0
S4RRPR1;3;9;1;2;0
S4RRPR1;3;9;2;3;0
S4RRPR1;3;9;3;3;0
S4RRPR1;3;9;8;3;0
S4RRPR10;3;1;1;3;0
S4RRPR10;3;1;2;3;0
S4RRPR10;3;1;3;3;0
S4RRPR10;3;2;1;3;0
S4RRPR10;3;2;2;3;0
S4RRPR10;3;2;3;3;0
S4RRPR10;3;3;1;3;0
S4RRPR10;3;3;2;3;0
S4RRPR10;3;3;3;3;0
S4RRPR10;3;4;1;3;0
S4RRPR10;3;4;2;3;0
S4RRPR10;3;4;3;3;0
S4RRPR3;3;1;1;3;0
S4RRPR3;3;1;2;3;0
S4RRPR3;3;1;3;3;0
S4RRPR3;3;1;8;3;0
S4RRPR3;3;2;1;2;0
S4RRPR3;3;2;2;3;0
S4RRPR3;3;2;3;3;0
S4RRPR3;3;2;8;3;0
S4RRPR3;3;3;1;2;0
S4RRPR3;3;3;2;3;0
S4RRPR3;3;3;3;3;0
S4RRPR3;3;3;8;3;0
S4RRPR3;3;4;1;2;0
S4RRPR3;3;4;2;2;0
S4RRPR3;3;4;3;2;0
S4RRPR3;3;4;8;2;0
S4RRPR3;3;9;1;2;0
S4RRPR3;3;9;2;3;0
S4RRPR3;3;9;3;3;0
S4RRPR3;3;9;8;3;0
S4RRPR6;3;1;1;3;0
S4RRPR6;3;1;2;3;0
S4RRPR6;3;1;3;3;0
S4RRPR6;3;1;8;3;0
S4RRPR6;3;2;1;2;0
S4RRPR6;3;2;2;3;0
S4RRPR6;3;2;3;3;0
S4RRPR6;3;2;8;3;0
S4RRPR6;3;3;1;2;0
S4RRPR6;3;3;2;3;0
S4RRPR6;3;3;3;3;0
S4RRPR6;3;3;8;3;0
S4RRPR6;3;4;1;2;0
S4RRPR6;3;4;2;2;0
S4RRPR6;3;4;3;2;0
S4RRPR6;3;4;8;2;0
S4RRPR6;3;9;1;2;0
S4RRPR6;3;9;2;3;0
S4RRPR6;3;9;3;3;0
S4RRPR6;3;9;8;3;0
S4RRPR7;3;1;1;3;0
S4RRPR7;3;1;2;3;0
S4RRPR7;3;1;3;3;0
S4RRPR7;3;1;8;3;0
S4RRPR7;3;2;1;3;0
S4RRPR7;3;2;2;3;0
S4RRPR7;3;2;3;3;0
S4RRPR7;3;2;8;3;0
S4RRPR7;3;3;1;3;0
S4RRPR7;3;3;2;3;0
S4RRPR7;3;3;3;3;0
S4RRPR7;3;3;8;3;0
S4RRPR7;3;4;1;3;0
S4RRPR7;3;4;2;3;0
S4RRPR7;3;4;3;3;0
S4RRPR7;3;4;8;3;0
S4RRPR7;3;9;1;3;0
S4RRPR7;3;9;2;3;0
S4RRPR7;3;9;3;3;0
S4RRPR7;3;9;8;3;0
S4RRPR8;3;1;1;3;0
S4RRPR8;3;1;2;3;0
S4RRPR8;3;1;3;3;0
S4RRPR8;3;2;1;2;0
S4RRPR8;3;2;2;3;0
S4RRPR8;3;2;3;3;0
S4RRPR8;3;3;1;2;0
S4RRPR8;3;3;2;3;0
S4RRPR8;3;3;3;3;0
S4RRPR8;3;4;1;2;0
S4RRPR8;3;4;2;2;0
S4RRPR8;3;4;3;2;0
S4RRPR9;3;1;1;3;0
S4RRPR9;3;1;2;3;0
S4RRPR9;3;1;3;3;0
S4RRPR9;3;1;8;3;0
S4RRPR9;3;2;1;3;0
S4RRPR9;3;2;2;3;0
S4RRPR9;3;2;3;3;0
S4RRPR9;3;2;8;3;0
S4RRPR9;3;3;1;3;0
S4RRPR9;3;3;2;3;0
S4RRPR9;3;3;3;3;0
S4RRPR9;3;3;8;3;0
S4RRPR9;3;4;1;3;0
S4RRPR9;3;4;2;3;0
S4RRPR9;3;4;3;3;0
S4RRPR9;3;4;8;3;0
S4RRPR9;3;9;1;3;0
S4RRPR9;3;9;2;3;0
S4RRPR9;3;9;3;3;0
S4RRPR9;3;9;8;3;0
S4RRRP1;3;1;1;0;0
S4RRRP1;3;1;2;3;0
S4RRRP1;3;1;3;3;0
S4RRRP1;3;2;1;2;0
S4RRRP1;3;2;2;0;0
S4RRRP1;3;2;3;3;0
S4RRRP1;3;3;1;2;0
S4RRRP1;3;3;3;0;0
S4RRRP1;3;4;1;2;0
S4RRRP1;3;4;2;2;0
S4RRRP1;3;4;3;2;0
S4RRRP2;3;1;1;3;0
S4RRRP2;3;1;2;3;0
S4RRRP2;3;1;3;3;0
S4RRRP2;3;2;1;2;0
S4RRRP2;3;2;2;3;0
S4RRRP2;3;2;3;3;0
S4RRRP2;3;3;1;2;0
S4RRRP2;3;3;3;3;0
S4RRRP2;3;4;1;2;0
S4RRRP2;3;4;2;2;0
S4RRRP2;3;4;3;2;0
S4RRRP3;3;1;1;3;0
S4RRRP3;3;1;2;3;0
S4RRRP3;3;1;3;3;0
S4RRRP3;3;2;1;3;0
S4RRRP3;3;2;2;3;0
S4RRRP3;3;2;3;3;0
S4RRRP3;3;3;3;3;0
S4RRRP3;3;4;1;3;0
S4RRRP3;3;4;2;3;0
S4RRRP3;3;4;3;3;0
S4RRRP4;3;1;1;3;0
S4RRRP4;3;1;2;3;0
S4RRRP4;3;1;3;3;0
S4RRRP4;3;2;1;2;0
S4RRRP4;3;2;2;3;0
S4RRRP4;3;2;3;3;0
S4RRRP4;3;3;1;2;0
S4RRRP4;3;3;3;3;0
S4RRRP4;3;4;1;2;0
S4RRRP4;3;4;2;2;0
S4RRRP4;3;4;3;2;0
S4RRRP5;3;1;1;3;0
S4RRRP5;3;1;2;3;0
S4RRRP5;3;1;3;3;0
S4RRRP5;3;2;1;3;0
S4RRRP5;3;2;2;3;0
S4RRRP5;3;2;3;3;0
S4RRRP5;3;3;3;3;0
S4RRRP5;3;4;1;3;0
S4RRRP5;3;4;2;3;0
S4RRRP5;3;4;3;3;0
S4RRRP6;3;1;1;3;0
S4RRRP6;3;1;2;3;0
S4RRRP6;3;1;3;3;0
S4RRRP6;3;2;1;3;0
S4RRRP6;3;2;2;3;0
S4RRRP6;3;2;3;3;0
S4RRRP6;3;3;3;3;0
S4RRRP6;3;4;1;3;0
S4RRRP6;3;4;2;3;0
S4RRRP6;3;4;3;3;0
S4RRRP7;3;1;1;3;0
S4RRRP7;3;1;2;3;0
S4RRRP7;3;1;3;3;0
S4RRRP7;3;2;1;3;0
S4RRRP7;3;2;2;3;0
S4RRRP7;3;2;3;3;0
S4RRRP7;3;3;3;3;0
S4RRRP7;3;4;1;3;0
S4RRRP7;3;4;2;3;0
S4RRRP7;3;4;3;3;0
S4RRRR2;3;1;1;3;0
S4RRRR2;3;1;2;3;0
S4RRRR2;3;1;3;3;0
S4RRRR2;3;2;1;2;0
S4RRRR2;3;2;2;3;0
S4RRRR2;3;2;3;3;0
S4RRRR2;3;3;1;2;0
S4RRRR2;3;3;2;3;0
S4RRRR2;3;3;3;3;0
S4RRRR2;3;4;1;2;0
S4RRRR2;3;4;2;2;0
S4RRRR2;3;4;3;2;0
S4RRRR3;3;1;1;3;0
S4RRRR3;3;1;2;3;0
S4RRRR3;3;1;3;3;0
S4RRRR3;3;2;1;2;0
S4RRRR3;3;2;2;3;0
S4RRRR3;3;2;3;3;0
S4RRRR3;3;3;1;2;0
S4RRRR3;3;3;2;3;0
S4RRRR3;3;3;3;3;0
S4RRRR3;3;4;1;2;0
S4RRRR3;3;4;2;2;0
S4RRRR3;3;4;3;2;0
S4RRRR4;3;1;1;3;0
S4RRRR4;3;1;2;3;0
S4RRRR4;3;1;3;3;0
S4RRRR4;3;2;1;3;0
S4RRRR4;3;2;2;3;0
S4RRRR4;3;2;3;3;0
S4RRRR4;3;3;1;3;0
S4RRRR4;3;3;2;3;0
S4RRRR4;3;3;3;3;0
S4RRRR4;3;4;1;3;0
S4RRRR4;3;4;2;3;0
S4RRRR4;3;4;3;3;0
S4RRRR5;3;1;1;3;0
S4RRRR5;3;1;2;3;0
S4RRRR5;3;1;3;3;0
S4RRRR5;3;2;1;3;0
S4RRRR5;3;2;2;3;0
S4RRRR5;3;2;3;3;0
S4RRRR5;3;3;1;3;0
S4RRRR5;3;3;2;3;0
S4RRRR5;3;3;3;3;0
S4RRRR5;3;4;1;3;0
S4RRRR5;3;4;2;3;0
S4RRRR5;3;4;3;3;0
S4RRRR6;3;1;1;3;0
S4RRRR6;3;1;2;3;0
S4RRRR6;3;1;3;3;0
S4RRRR6;3;1;8;3;0
S4RRRR6;3;2;1;3;0
S4RRRR6;3;2;2;3;0
S4RRRR6;3;2;3;3;0
S4RRRR6;3;2;8;3;0
S4RRRR6;3;3;1;3;0
S4RRRR6;3;3;2;3;0
S4RRRR6;3;3;3;3;0
S4RRRR6;3;3;8;3;0
S4RRRR6;3;4;1;3;0
S4RRRR6;3;4;2;3;0
S4RRRR6;3;4;3;3;0
S4RRRR6;3;4;8;3;0
S4RRRR6;3;9;1;3;0
S4RRRR6;3;9;2;3;0
S4RRRR6;3;9;3;3;0
S4RRRR6;3;9;8;3;0
S5PPPRR1;3;1;1;1;0
S5PPPRR1;3;1;2;1;0
S5PPPRR1;3;1;3;1;0
S5PPPRR1;3;1;8;1;0
S5PPPRR1;3;2;1;1;0
S5PPPRR1;3;2;2;1;0
S5PPPRR1;3;2;3;1;0
S5PPPRR1;3;2;8;1;0
S5PPPRR1;3;3;1;1;0
S5PPPRR1;3;3;2;1;0
S5PPPRR1;3;3;3;1;0
S5PPPRR1;3;3;8;1;0
S5PPPRR1;3;4;1;1;0
S5PPPRR1;3;4;2;1;0
S5PPPRR1;3;4;3;1;0
S5PPPRR1;3;4;8;1;0
S5PPPRR1;3;9;1;1;0
S5PPPRR1;3;9;2;1;0
S5PPPRR1;3;9;3;1;0
S5PPPRR1;3;9;8;1;0
S5PPPRR2;3;1;1;1;0
S5PPPRR2;3;1;2;1;0
S5PPPRR2;3;1;3;1;0
S5PPPRR2;3;1;8;1;0
S5PPPRR2;3;2;1;1;0
S5PPPRR2;3;2;2;1;0
S5PPPRR2;3;2;3;1;0
S5PPPRR2;3;2;8;1;0
S5PPPRR2;3;3;1;1;0
S5PPPRR2;3;3;2;1;0
S5PPPRR2;3;3;3;1;0
S5PPPRR2;3;3;8;1;0
S5PPPRR2;3;4;1;1;0
S5PPPRR2;3;4;2;1;0
S5PPPRR2;3;4;3;1;0
S5PPPRR2;3;4;8;1;0
S5PPPRR2;3;9;1;1;0
S5PPPRR2;3;9;2;1;0
S5PPPRR2;3;9;3;1;0
S5PPPRR2;3;9;8;1;0
S5PPRPR1;3;1;1;1;0
S5PPRPR1;3;1;2;1;0
S5PPRPR1;3;1;3;1;0
S5PPRPR1;3;1;8;1;0
S5PPRPR1;3;2;1;1;0
S5PPRPR1;3;2;2;1;0
S5PPRPR1;3;2;3;1;0
S5PPRPR1;3;2;8;1;0
S5PPRPR1;3;3;1;1;0
S5PPRPR1;3;3;2;1;0
S5PPRPR1;3;3;3;1;0
S5PPRPR1;3;3;8;1;0
S5PPRPR1;3;4;1;1;0
S5PPRPR1;3;4;2;1;0
S5PPRPR1;3;4;3;1;0
S5PPRPR1;3;4;8;1;0
S5PPRPR1;3;9;1;1;0
S5PPRPR1;3;9;2;1;0
S5PPRPR1;3;9;3;1;0
S5PPRPR1;3;9;8;1;0
S5PPRPR2;3;1;1;1;0
S5PPRPR2;3;1;2;1;0
S5PPRPR2;3;1;3;1;0
S5PPRPR2;3;1;8;1;0
S5PPRPR2;3;2;1;1;0
S5PPRPR2;3;2;2;1;0
S5PPRPR2;3;2;3;1;0
S5PPRPR2;3;2;8;1;0
S5PPRPR2;3;3;1;1;0
S5PPRPR2;3;3;2;1;0
S5PPRPR2;3;3;3;1;0
S5PPRPR2;3;3;8;1;0
S5PPRPR2;3;4;1;1;0
S5PPRPR2;3;4;2;1;0
S5PPRPR2;3;4;3;1;0
S5PPRPR2;3;4;8;1;0
S5PPRPR2;3;9;1;1;0
S5PPRPR2;3;9;2;1;0
S5PPRPR2;3;9;3;1;0
S5PPRPR2;3;9;8;1;0
S5PPRPR3;3;1;1;1;0
S5PPRPR3;3;1;2;1;0
S5PPRPR3;3;1;3;1;0
S5PPRPR3;3;1;8;1;0
S5PPRPR3;3;2;1;1;0
S5PPRPR3;3;2;2;1;0
S5PPRPR3;3;2;3;1;0
S5PPRPR3;3;2;8;1;0
S5PPRPR3;3;3;1;1;0
S5PPRPR3;3;3;2;1;0
S5PPRPR3;3;3;3;1;0
S5PPRPR3;3;3;8;1;0
S5PPRPR3;3;4;1;1;0
S5PPRPR3;3;4;2;1;0
S5PPRPR3;3;4;3;1;0
S5PPRPR3;3;4;8;1;0
S5PPRPR3;3;9;1;1;0
S5PPRPR3;3;9;2;1;0
S5PPRPR3;3;9;3;1;0
S5PPRPR3;3;9;8;1;0
S5PPRPR4;3;1;1;1;0
S5PPRPR4;3;1;2;1;0
S5PPRPR4;3;1;3;1;0
S5PPRPR4;3;1;8;1;0
S5PPRPR4;3;2;1;1;0
S5PPRPR4;3;2;2;1;0
S5PPRPR4;3;2;3;1;0
S5PPRPR4;3;2;8;1;0
S5PPRPR4;3;3;1;1;0
S5PPRPR4;3;3;2;1;0
S5PPRPR4;3;3;3;1;0
S5PPRPR4;3;3;8;1;0
S5PPRPR4;3;4;1;1;0
S5PPRPR4;3;4;2;1;0
S5PPRPR4;3;4;3;1;0
S5PPRPR4;3;4;8;1;0
S5PPRPR4;3;9;1;1;0
S5PPRPR4;3;9;2;1;0
S5PPRPR4;3;9;3;1;0
S5PPRPR4;3;9;8;1;0
S5PPRPR5;3;1;1;1;0
S5PPRPR5;3;1;2;1;0
S5PPRPR5;3;1;3;1;0
S5PPRPR5;3;1;8;1;0
S5PPRPR5;3;2;1;1;0
S5PPRPR5;3;2;2;1;0
S5PPRPR5;3;2;3;1;0
S5PPRPR5;3;2;8;1;0
S5PPRPR5;3;3;1;1;0
S5PPRPR5;3;3;2;1;0
S5PPRPR5;3;3;3;1;0
S5PPRPR5;3;3;8;1;0
S5PPRPR5;3;4;1;1;0
S5PPRPR5;3;4;2;1;0
S5PPRPR5;3;4;3;1;0
S5PPRPR5;3;4;8;1;0
S5PPRPR5;3;9;1;1;0
S5PPRPR5;3;9;2;1;0
S5PPRPR5;3;9;3;1;0
S5PPRPR5;3;9;8;1;0
S5PPRRP1;3;1;1;1;0
S5PPRRP1;3;1;2;1;0
S5PPRRP1;3;1;3;1;0
S5PPRRP1;3;1;8;1;0
S5PPRRP1;3;2;1;1;0
S5PPRRP1;3;2;2;1;0
S5PPRRP1;3;2;3;1;0
S5PPRRP1;3;2;8;1;0
S5PPRRP1;3;3;1;1;0
S5PPRRP1;3;3;2;1;0
S5PPRRP1;3;3;3;1;0
S5PPRRP1;3;3;8;1;0
S5PPRRP1;3;4;1;1;0
S5PPRRP1;3;4;2;1;0
S5PPRRP1;3;4;3;1;0
S5PPRRP1;3;4;8;1;0
S5PPRRP1;3;9;1;1;0
S5PPRRP1;3;9;2;1;0
S5PPRRP1;3;9;3;1;0
S5PPRRP1;3;9;8;1;0
S5PPRRP2;3;1;1;1;0
S5PPRRP2;3;1;2;1;0
S5PPRRP2;3;1;3;1;0
S5PPRRP2;3;1;8;1;0
S5PPRRP2;3;2;1;1;0
S5PPRRP2;3;2;2;1;0
S5PPRRP2;3;2;3;1;0
S5PPRRP2;3;2;8;1;0
S5PPRRP2;3;3;1;1;0
S5PPRRP2;3;3;2;1;0
S5PPRRP2;3;3;3;1;0
S5PPRRP2;3;3;8;1;0
S5PPRRP2;3;4;1;1;0
S5PPRRP2;3;4;2;1;0
S5PPRRP2;3;4;3;1;0
S5PPRRP2;3;4;8;1;0
S5PPRRP2;3;9;1;1;0
S5PPRRP2;3;9;2;1;0
S5PPRRP2;3;9;3;1;0
S5PPRRP2;3;9;8;1;0
S5PPRRP3;3;1;1;1;0
S5PPRRP3;3;1;2;1;0
S5PPRRP3;3;1;3;1;0
S5PPRRP3;3;1;8;1;0
S5PPRRP3;3;2;1;1;0
S5PPRRP3;3;2;2;1;0
S5PPRRP3;3;2;3;1;0
S5PPRRP3;3;2;8;1;0
S5PPRRP3;3;3;1;1;0
S5PPRRP3;3;3;2;1;0
S5PPRRP3;3;3;3;1;0
S5PPRRP3;3;3;8;1;0
S5PPRRP3;3;4;1;1;0
S5PPRRP3;3;4;2;1;0
S5PPRRP3;3;4;3;1;0
S5PPRRP3;3;4;8;1;0
S5PPRRP3;3;9;1;1;0
S5PPRRP3;3;9;2;1;0
S5PPRRP3;3;9;3;1;0
S5PPRRP3;3;9;8;1;0
S5PPRRP4;3;1;1;1;0
S5PPRRP4;3;1;2;1;0
S5PPRRP4;3;1;3;1;0
S5PPRRP4;3;1;8;1;0
S5PPRRP4;3;2;1;1;0
S5PPRRP4;3;2;2;1;0
S5PPRRP4;3;2;3;1;0
S5PPRRP4;3;2;8;1;0
S5PPRRP4;3;3;1;1;0
S5PPRRP4;3;3;2;1;0
S5PPRRP4;3;3;3;1;0
S5PPRRP4;3;3;8;1;0
S5PPRRP4;3;4;1;1;0
S5PPRRP4;3;4;2;1;0
S5PPRRP4;3;4;3;1;0
S5PPRRP4;3;4;8;1;0
S5PPRRP4;3;9;1;1;0
S5PPRRP4;3;9;2;1;0
S5PPRRP4;3;9;3;1;0
S5PPRRP4;3;9;8;1;0
S5PPRRR1;3;1;1;1;0
S5PPRRR1;3;1;2;1;0
S5PPRRR1;3;1;3;1;0
S5PPRRR1;3;1;8;1;0
S5PPRRR1;3;2;1;1;0
S5PPRRR1;3;2;2;1;0
S5PPRRR1;3;2;3;1;0
S5PPRRR1;3;2;8;1;0
S5PPRRR1;3;3;1;1;0
S5PPRRR1;3;3;2;1;0
S5PPRRR1;3;3;3;1;0
S5PPRRR1;3;3;8;1;0
S5PPRRR1;3;4;1;1;0
S5PPRRR1;3;4;2;1;0
S5PPRRR1;3;4;3;1;0
S5PPRRR1;3;4;8;1;0
S5PPRRR1;3;9;1;1;0
S5PPRRR1;3;9;2;1;0
S5PPRRR1;3;9;3;1;0
S5PPRRR1;3;9;8;1;0
S5PPRRR2;3;1;1;1;0
S5PPRRR2;3;1;2;1;0
S5PPRRR2;3;1;3;1;0
S5PPRRR2;3;1;8;1;0
S5PPRRR2;3;2;1;1;0
S5PPRRR2;3;2;2;1;0
S5PPRRR2;3;2;3;1;0
S5PPRRR2;3;2;8;1;0
S5PPRRR2;3;3;1;1;0
S5PPRRR2;3;3;2;1;0
S5PPRRR2;3;3;3;1;0
S5PPRRR2;3;3;8;1;0
S5PPRRR2;3;4;1;1;0
S5PPRRR2;3;4;2;1;0
S5PPRRR2;3;4;3;1;0
S5PPRRR2;3;4;8;1;0
S5PPRRR2;3;9;1;1;0
S5PPRRR2;3;9;2;1;0
S5PPRRR2;3;9;3;1;0
S5PPRRR2;3;9;8;1;0
S5PPRRR3;3;1;1;1;0
S5PPRRR3;3;1;2;1;0
S5PPRRR3;3;1;3;1;0
S5PPRRR3;3;1;8;1;0
S5PPRRR3;3;2;1;1;0
S5PPRRR3;3;2;2;1;0
S5PPRRR3;3;2;3;1;0
S5PPRRR3;3;2;8;1;0
S5PPRRR3;3;3;1;1;0
S5PPRRR3;3;3;2;1;0
S5PPRRR3;3;3;3;1;0
S5PPRRR3;3;3;8;1;0
S5PPRRR3;3;4;1;1;0
S5PPRRR3;3;4;2;1;0
S5PPRRR3;3;4;3;1;0
S5PPRRR3;3;4;8;1;0
S5PPRRR3;3;9;1;1;0
S5PPRRR3;3;9;2;1;0
S5PPRRR3;3;9;3;1;0
S5PPRRR3;3;9;8;1;0
S5PPRRR4;3;1;1;1;0
S5PPRRR4;3;1;2;1;0
S5PPRRR4;3;1;3;1;0
S5PPRRR4;3;1;8;1;0
S5PPRRR4;3;2;1;1;0
S5PPRRR4;3;2;2;1;0
S5PPRRR4;3;2;3;1;0
S5PPRRR4;3;2;8;1;0
S5PPRRR4;3;3;1;1;0
S5PPRRR4;3;3;2;1;0
S5PPRRR4;3;3;3;1;0
S5PPRRR4;3;3;8;1;0
S5PPRRR4;3;4;1;1;0
S5PPRRR4;3;4;2;1;0
S5PPRRR4;3;4;3;1;0
S5PPRRR4;3;4;8;1;0
S5PPRRR4;3;9;1;1;0
S5PPRRR4;3;9;2;1;0
S5PPRRR4;3;9;3;1;0
S5PPRRR4;3;9;8;1;0
S5PPRRR5;3;1;1;1;0
S5PPRRR5;3;1;2;1;0
S5PPRRR5;3;1;3;1;0
S5PPRRR5;3;1;8;1;0
S5PPRRR5;3;2;1;1;0
S5PPRRR5;3;2;2;1;0
S5PPRRR5;3;2;3;1;0
S5PPRRR5;3;2;8;1;0
S5PPRRR5;3;3;1;1;0
S5PPRRR5;3;3;2;1;0
S5PPRRR5;3;3;3;1;0
S5PPRRR5;3;3;8;1;0
S5PPRRR5;3;4;1;1;0
S5PPRRR5;3;4;2;1;0
S5PPRRR5;3;4;3;1;0
S5PPRRR5;3;4;8;1;0
S5PPRRR5;3;9;1;1;0
S5PPRRR5;3;9;2;1;0
S5PPRRR5;3;9;3;1;0
S5PPRRR5;3;9;8;1;0
S5PRPPR1;3;1;1;1;0
S5PRPPR1;3;1;2;1;0
S5PRPPR1;3;1;3;1;0
S5PRPPR1;3;1;8;1;0
S5PRPPR1;3;2;1;1;0
S5PRPPR1;3;2;2;1;0
S5PRPPR1;3;2;3;1;0
S5PRPPR1;3;2;8;1;0
S5PRPPR1;3;3;1;1;0
S5PRPPR1;3;3;2;1;0
S5PRPPR1;3;3;3;1;0
S5PRPPR1;3;3;8;1;0
S5PRPPR1;3;4;1;1;0
S5PRPPR1;3;4;2;1;0
S5PRPPR1;3;4;3;1;0
S5PRPPR1;3;4;8;1;0
S5PRPPR1;3;9;1;1;0
S5PRPPR1;3;9;2;1;0
S5PRPPR1;3;9;3;1;0
S5PRPPR1;3;9;8;1;0
S5PRPPR2;3;1;1;1;0
S5PRPPR2;3;1;2;1;0
S5PRPPR2;3;1;3;1;0
S5PRPPR2;3;1;8;1;0
S5PRPPR2;3;2;1;1;0
S5PRPPR2;3;2;2;1;0
S5PRPPR2;3;2;3;1;0
S5PRPPR2;3;2;8;1;0
S5PRPPR2;3;3;1;1;0
S5PRPPR2;3;3;2;1;0
S5PRPPR2;3;3;3;1;0
S5PRPPR2;3;3;8;1;0
S5PRPPR2;3;4;1;1;0
S5PRPPR2;3;4;2;1;0
S5PRPPR2;3;4;3;1;0
S5PRPPR2;3;4;8;1;0
S5PRPPR2;3;9;1;1;0
S5PRPPR2;3;9;2;1;0
S5PRPPR2;3;9;3;1;0
S5PRPPR2;3;9;8;1;0
S5PRPPR3;3;1;1;1;0
S5PRPPR3;3;1;2;1;0
S5PRPPR3;3;1;3;1;0
S5PRPPR3;3;1;8;1;0
S5PRPPR3;3;2;1;1;0
S5PRPPR3;3;2;2;1;0
S5PRPPR3;3;2;3;1;0
S5PRPPR3;3;2;8;1;0
S5PRPPR3;3;3;1;1;0
S5PRPPR3;3;3;2;1;0
S5PRPPR3;3;3;3;1;0
S5PRPPR3;3;3;8;1;0
S5PRPPR3;3;4;1;1;0
S5PRPPR3;3;4;2;1;0
S5PRPPR3;3;4;3;1;0
S5PRPPR3;3;4;8;1;0
S5PRPPR3;3;9;1;1;0
S5PRPPR3;3;9;2;1;0
S5PRPPR3;3;9;3;1;0
S5PRPPR3;3;9;8;1;0
S5PRPPR4;3;1;1;1;0
S5PRPPR4;3;1;2;1;0
S5PRPPR4;3;1;3;1;0
S5PRPPR4;3;1;8;1;0
S5PRPPR4;3;2;1;1;0
S5PRPPR4;3;2;2;1;0
S5PRPPR4;3;2;3;1;0
S5PRPPR4;3;2;8;1;0
S5PRPPR4;3;3;1;1;0
S5PRPPR4;3;3;2;1;0
S5PRPPR4;3;3;3;1;0
S5PRPPR4;3;3;8;1;0
S5PRPPR4;3;4;1;1;0
S5PRPPR4;3;4;2;1;0
S5PRPPR4;3;4;3;1;0
S5PRPPR4;3;4;8;1;0
S5PRPPR4;3;9;1;1;0
S5PRPPR4;3;9;2;1;0
S5PRPPR4;3;9;3;1;0
S5PRPPR4;3;9;8;1;0
S5PRPPR5;3;1;1;1;0
S5PRPPR5;3;1;2;1;0
S5PRPPR5;3;1;3;1;0
S5PRPPR5;3;1;8;1;0
S5PRPPR5;3;2;1;1;0
S5PRPPR5;3;2;2;1;0
S5PRPPR5;3;2;3;1;0
S5PRPPR5;3;2;8;1;0
S5PRPPR5;3;3;1;1;0
S5PRPPR5;3;3;2;1;0
S5PRPPR5;3;3;3;1;0
S5PRPPR5;3;3;8;1;0
S5PRPPR5;3;4;1;1;0
S5PRPPR5;3;4;2;1;0
S5PRPPR5;3;4;3;1;0
S5PRPPR5;3;4;8;1;0
S5PRPPR5;3;9;1;1;0
S5PRPPR5;3;9;2;1;0
S5PRPPR5;3;9;3;1;0
S5PRPPR5;3;9;8;1;0
S5PRPRP1;3;1;1;1;0
S5PRPRP1;3;1;2;1;0
S5PRPRP1;3;1;3;1;0
S5PRPRP1;3;1;8;1;0
S5PRPRP1;3;2;1;1;0
S5PRPRP1;3;2;2;1;0
S5PRPRP1;3;2;3;1;0
S5PRPRP1;3;2;8;1;0
S5PRPRP1;3;3;1;1;0
S5PRPRP1;3;3;2;1;0
S5PRPRP1;3;3;3;1;0
S5PRPRP1;3;3;8;1;0
S5PRPRP1;3;4;1;1;0
S5PRPRP1;3;4;2;1;0
S5PRPRP1;3;4;3;1;0
S5PRPRP1;3;4;8;1;0
S5PRPRP1;3;9;1;1;0
S5PRPRP1;3;9;2;1;0
S5PRPRP1;3;9;3;1;0
S5PRPRP1;3;9;8;1;0
S5PRPRP2;3;1;1;1;0
S5PRPRP2;3;1;2;1;0
S5PRPRP2;3;1;3;1;0
S5PRPRP2;3;1;8;1;0
S5PRPRP2;3;2;1;1;0
S5PRPRP2;3;2;2;1;0
S5PRPRP2;3;2;3;1;0
S5PRPRP2;3;2;8;1;0
S5PRPRP2;3;3;1;1;0
S5PRPRP2;3;3;2;1;0
S5PRPRP2;3;3;3;1;0
S5PRPRP2;3;3;8;1;0
S5PRPRP2;3;4;1;1;0
S5PRPRP2;3;4;2;1;0
S5PRPRP2;3;4;3;1;0
S5PRPRP2;3;4;8;1;0
S5PRPRP2;3;9;1;1;0
S5PRPRP2;3;9;2;1;0
S5PRPRP2;3;9;3;1;0
S5PRPRP2;3;9;8;1;0
S5PRPRP3;3;1;1;1;0
S5PRPRP3;3;1;2;1;0
S5PRPRP3;3;1;3;1;0
S5PRPRP3;3;1;8;1;0
S5PRPRP3;3;2;1;1;0
S5PRPRP3;3;2;2;1;0
S5PRPRP3;3;2;3;1;0
S5PRPRP3;3;2;8;1;0
S5PRPRP3;3;3;1;1;0
S5PRPRP3;3;3;2;1;0
S5PRPRP3;3;3;3;1;0
S5PRPRP3;3;3;8;1;0
S5PRPRP3;3;4;1;1;0
S5PRPRP3;3;4;2;1;0
S5PRPRP3;3;4;3;1;0
S5PRPRP3;3;4;8;1;0
S5PRPRP3;3;9;1;1;0
S5PRPRP3;3;9;2;1;0
S5PRPRP3;3;9;3;1;0
S5PRPRP3;3;9;8;1;0
S5PRPRP4;3;1;1;1;0
S5PRPRP4;3;1;2;1;0
S5PRPRP4;3;1;3;1;0
S5PRPRP4;3;1;8;1;0
S5PRPRP4;3;2;1;1;0
S5PRPRP4;3;2;2;1;0
S5PRPRP4;3;2;3;1;0
S5PRPRP4;3;2;8;1;0
S5PRPRP4;3;3;1;1;0
S5PRPRP4;3;3;2;1;0
S5PRPRP4;3;3;3;1;0
S5PRPRP4;3;3;8;1;0
S5PRPRP4;3;4;1;1;0
S5PRPRP4;3;4;2;1;0
S5PRPRP4;3;4;3;1;0
S5PRPRP4;3;4;8;1;0
S5PRPRP4;3;9;1;1;0
S5PRPRP4;3;9;2;1;0
S5PRPRP4;3;9;3;1;0
S5PRPRP4;3;9;8;1;0
S5PRPRP5;3;1;1;1;0
S5PRPRP5;3;1;2;1;0
S5PRPRP5;3;1;3;1;0
S5PRPRP5;3;1;8;1;0
S5PRPRP5;3;2;1;1;0
S5PRPRP5;3;2;2;1;0
S5PRPRP5;3;2;3;1;0
S5PRPRP5;3;2;8;1;0
S5PRPRP5;3;3;1;1;0
S5PRPRP5;3;3;2;1;0
S5PRPRP5;3;3;3;1;0
S5PRPRP5;3;3;8;1;0
S5PRPRP5;3;4;1;1;0
S5PRPRP5;3;4;2;1;0
S5PRPRP5;3;4;3;1;0
S5PRPRP5;3;4;8;1;0
S5PRPRP5;3;9;1;1;0
S5PRPRP5;3;9;2;1;0
S5PRPRP5;3;9;3;1;0
S5PRPRP5;3;9;8;1;0
S5PRPRP6;3;1;1;1;0
S5PRPRP6;3;1;2;1;0
S5PRPRP6;3;1;3;1;0
S5PRPRP6;3;1;8;1;0
S5PRPRP6;3;2;1;1;0
S5PRPRP6;3;2;2;1;0
S5PRPRP6;3;2;3;1;0
S5PRPRP6;3;2;8;1;0
S5PRPRP6;3;3;1;1;0
S5PRPRP6;3;3;2;1;0
S5PRPRP6;3;3;3;1;0
S5PRPRP6;3;3;8;1;0
S5PRPRP6;3;4;1;1;0
S5PRPRP6;3;4;2;1;0
S5PRPRP6;3;4;3;1;0
S5PRPRP6;3;4;8;1;0
S5PRPRP6;3;9;1;1;0
S5PRPRP6;3;9;2;1;0
S5PRPRP6;3;9;3;1;0
S5PRPRP6;3;9;8;1;0
S5PRPRR1;3;1;1;1;0
S5PRPRR1;3;1;2;1;0
S5PRPRR1;3;1;3;1;0
S5PRPRR1;3;1;8;1;0
S5PRPRR1;3;2;1;1;0
S5PRPRR1;3;2;2;1;0
S5PRPRR1;3;2;3;1;0
S5PRPRR1;3;2;8;1;0
S5PRPRR1;3;3;1;1;0
S5PRPRR1;3;3;2;1;0
S5PRPRR1;3;3;3;1;0
S5PRPRR1;3;3;8;1;0
S5PRPRR1;3;4;1;1;0
S5PRPRR1;3;4;2;1;0
S5PRPRR1;3;4;3;1;0
S5PRPRR1;3;4;8;1;0
S5PRPRR1;3;9;1;1;0
S5PRPRR1;3;9;2;1;0
S5PRPRR1;3;9;3;1;0
S5PRPRR1;3;9;8;1;0
S5PRPRR2;3;1;1;1;0
S5PRPRR2;3;1;2;1;0
S5PRPRR2;3;1;3;1;0
S5PRPRR2;3;1;8;1;0
S5PRPRR2;3;2;1;1;0
S5PRPRR2;3;2;2;1;0
S5PRPRR2;3;2;3;1;0
S5PRPRR2;3;2;8;1;0
S5PRPRR2;3;3;1;1;0
S5PRPRR2;3;3;2;1;0
S5PRPRR2;3;3;3;1;0
S5PRPRR2;3;3;8;1;0
S5PRPRR2;3;4;1;1;0
S5PRPRR2;3;4;2;1;0
S5PRPRR2;3;4;3;1;0
S5PRPRR2;3;4;8;1;0
S5PRPRR2;3;9;1;1;0
S5PRPRR2;3;9;2;1;0
S5PRPRR2;3;9;3;1;0
S5PRPRR2;3;9;8;1;0
S5PRPRR3;3;1;1;1;0
S5PRPRR3;3;1;2;1;0
S5PRPRR3;3;1;3;1;0
S5PRPRR3;3;1;8;1;0
S5PRPRR3;3;2;1;1;0
S5PRPRR3;3;2;2;1;0
S5PRPRR3;3;2;3;1;0
S5PRPRR3;3;2;8;1;0
S5PRPRR3;3;3;1;1;0
S5PRPRR3;3;3;2;1;0
S5PRPRR3;3;3;3;1;0
S5PRPRR3;3;3;8;1;0
S5PRPRR3;3;4;1;1;0
S5PRPRR3;3;4;2;1;0
S5PRPRR3;3;4;3;1;0
S5PRPRR3;3;4;8;1;0
S5PRPRR3;3;9;1;1;0
S5PRPRR3;3;9;2;1;0
S5PRPRR3;3;9;3;1;0
S5PRPRR3;3;9;8;1;0
S5PRPRR4;3;1;1;1;0
S5PRPRR4;3;1;2;1;0
S5PRPRR4;3;1;3;1;0
S5PRPRR4;3;1;8;1;0
S5PRPRR4;3;2;1;1;0
S5PRPRR4;3;2;2;1;0
S5PRPRR4;3;2;3;1;0
S5PRPRR4;3;2;8;1;0
S5PRPRR4;3;3;1;1;0
S5PRPRR4;3;3;2;1;0
S5PRPRR4;3;3;3;1;0
S5PRPRR4;3;3;8;1;0
S5PRPRR4;3;4;1;1;0
S5PRPRR4;3;4;2;1;0
S5PRPRR4;3;4;3;1;0
S5PRPRR4;3;4;8;1;0
S5PRPRR4;3;9;1;1;0
S5PRPRR4;3;9;2;1;0
S5PRPRR4;3;9;3;1;0
S5PRPRR4;3;9;8;1;0
S5PRPRR5;3;1;1;1;0
S5PRPRR5;3;1;2;1;0
S5PRPRR5;3;1;3;1;0
S5PRPRR5;3;1;8;1;0
S5PRPRR5;3;2;1;1;0
S5PRPRR5;3;2;2;1;0
S5PRPRR5;3;2;3;1;0
S5PRPRR5;3;2;8;1;0
S5PRPRR5;3;3;1;1;0
S5PRPRR5;3;3;2;1;0
S5PRPRR5;3;3;3;1;0
S5PRPRR5;3;3;8;1;0
S5PRPRR5;3;4;1;1;0
S5PRPRR5;3;4;2;1;0
S5PRPRR5;3;4;3;1;0
S5PRPRR5;3;4;8;1;0
S5PRPRR5;3;9;1;1;0
S5PRPRR5;3;9;2;1;0
S5PRPRR5;3;9;3;1;0
S5PRPRR5;3;9;8;1;0
S5PRPRR6;3;1;1;1;0
S5PRPRR6;3;1;2;1;0
S5PRPRR6;3;1;3;1;0
S5PRPRR6;3;1;8;1;0
S5PRPRR6;3;2;1;1;0
S5PRPRR6;3;2;2;1;0
S5PRPRR6;3;2;3;1;0
S5PRPRR6;3;2;8;1;0
S5PRPRR6;3;3;1;1;0
S5PRPRR6;3;3;2;1;0
S5PRPRR6;3;3;3;1;0
S5PRPRR6;3;3;8;1;0
S5PRPRR6;3;4;1;1;0
S5PRPRR6;3;4;2;1;0
S5PRPRR6;3;4;3;1;0
S5PRPRR6;3;4;8;1;0
S5PRPRR6;3;9;1;1;0
S5PRPRR6;3;9;2;1;0
S5PRPRR6;3;9;3;1;0
S5PRPRR6;3;9;8;1;0
S5PRPRR7;3;1;1;1;0
S5PRPRR7;3;1;2;1;0
S5PRPRR7;3;1;3;1;0
S5PRPRR7;3;1;8;1;0
S5PRPRR7;3;2;1;1;0
S5PRPRR7;3;2;2;1;0
S5PRPRR7;3;2;3;1;0
S5PRPRR7;3;2;8;1;0
S5PRPRR7;3;3;1;1;0
S5PRPRR7;3;3;2;1;0
S5PRPRR7;3;3;3;1;0
S5PRPRR7;3;3;8;1;0
S5PRPRR7;3;4;1;1;0
S5PRPRR7;3;4;2;1;0
S5PRPRR7;3;4;3;1;0
S5PRPRR7;3;4;8;1;0
S5PRPRR7;3;9;1;1;0
S5PRPRR7;3;9;2;1;0
S5PRPRR7;3;9;3;1;0
S5PRPRR7;3;9;8;1;0
S5PRPRR8;3;1;1;1;0
S5PRPRR8;3;1;2;1;0
S5PRPRR8;3;1;3;1;0
S5PRPRR8;3;1;8;1;0
S5PRPRR8;3;2;1;1;0
S5PRPRR8;3;2;2;1;0
S5PRPRR8;3;2;3;1;0
S5PRPRR8;3;2;8;1;0
S5PRPRR8;3;3;1;1;0
S5PRPRR8;3;3;2;1;0
S5PRPRR8;3;3;3;1;0
S5PRPRR8;3;3;8;1;0
S5PRPRR8;3;4;1;1;0
S5PRPRR8;3;4;2;1;0
S5PRPRR8;3;4;3;1;0
S5PRPRR8;3;4;8;1;0
S5PRPRR8;3;9;1;1;0
S5PRPRR8;3;9;2;1;0
S5PRPRR8;3;9;3;1;0
S5PRPRR8;3;9;8;1;0
S5PRPRR9;3;1;1;1;0
S5PRPRR9;3;1;2;1;0
S5PRPRR9;3;1;3;1;0
S5PRPRR9;3;1;8;1;0
S5PRPRR9;3;2;1;1;0
S5PRPRR9;3;2;2;1;0
S5PRPRR9;3;2;3;1;0
S5PRPRR9;3;2;8;1;0
S5PRPRR9;3;3;1;1;0
S5PRPRR9;3;3;2;1;0
S5PRPRR9;3;3;3;1;0
S5PRPRR9;3;3;8;1;0
S5PRPRR9;3;4;1;1;0
S5PRPRR9;3;4;2;1;0
S5PRPRR9;3;4;3;1;0
S5PRPRR9;3;4;8;1;0
S5PRPRR9;3;9;1;1;0
S5PRPRR9;3;9;2;1;0
S5PRPRR9;3;9;3;1;0
S5PRPRR9;3;9;8;1;0
S5PRRPP1;3;1;1;1;0
S5PRRPP1;3;1;2;1;0
S5PRRPP1;3;1;3;1;0
S5PRRPP1;3;1;8;1;0
S5PRRPP1;3;2;1;1;0
S5PRRPP1;3;2;2;1;0
S5PRRPP1;3;2;3;1;0
S5PRRPP1;3;2;8;1;0
S5PRRPP1;3;3;1;1;0
S5PRRPP1;3;3;2;1;0
S5PRRPP1;3;3;3;1;0
S5PRRPP1;3;3;8;1;0
S5PRRPP1;3;4;1;1;0
S5PRRPP1;3;4;2;1;0
S5PRRPP1;3;4;3;1;0
S5PRRPP1;3;4;8;1;0
S5PRRPP1;3;9;1;1;0
S5PRRPP1;3;9;2;1;0
S5PRRPP1;3;9;3;1;0
S5PRRPP1;3;9;8;1;0
S5PRRPP2;3;1;1;1;0
S5PRRPP2;3;1;2;1;0
S5PRRPP2;3;1;3;1;0
S5PRRPP2;3;1;8;1;0
S5PRRPP2;3;2;1;1;0
S5PRRPP2;3;2;2;1;0
S5PRRPP2;3;2;3;1;0
S5PRRPP2;3;2;8;1;0
S5PRRPP2;3;3;1;1;0
S5PRRPP2;3;3;2;1;0
S5PRRPP2;3;3;3;1;0
S5PRRPP2;3;3;8;1;0
S5PRRPP2;3;4;1;1;0
S5PRRPP2;3;4;2;1;0
S5PRRPP2;3;4;3;1;0
S5PRRPP2;3;4;8;1;0
S5PRRPP2;3;9;1;1;0
S5PRRPP2;3;9;2;1;0
S5PRRPP2;3;9;3;1;0
S5PRRPP2;3;9;8;1;0
S5PRRPP3;3;1;1;1;0
S5PRRPP3;3;1;2;1;0
S5PRRPP3;3;1;3;1;0
S5PRRPP3;3;1;8;1;0
S5PRRPP3;3;2;1;1;0
S5PRRPP3;3;2;2;1;0
S5PRRPP3;3;2;3;1;0
S5PRRPP3;3;2;8;1;0
S5PRRPP3;3;3;1;1;0
S5PRRPP3;3;3;2;1;0
S5PRRPP3;3;3;3;1;0
S5PRRPP3;3;3;8;1;0
S5PRRPP3;3;4;1;1;0
S5PRRPP3;3;4;2;1;0
S5PRRPP3;3;4;3;1;0
S5PRRPP3;3;4;8;1;0
S5PRRPP3;3;9;1;1;0
S5PRRPP3;3;9;2;1;0
S5PRRPP3;3;9;3;1;0
S5PRRPP3;3;9;8;1;0
S5PRRPP4;3;1;1;1;0
S5PRRPP4;3;1;2;1;0
S5PRRPP4;3;1;3;1;0
S5PRRPP4;3;1;8;1;0
S5PRRPP4;3;2;1;1;0
S5PRRPP4;3;2;2;1;0
S5PRRPP4;3;2;3;1;0
S5PRRPP4;3;2;8;1;0
S5PRRPP4;3;3;1;1;0
S5PRRPP4;3;3;2;1;0
S5PRRPP4;3;3;3;1;0
S5PRRPP4;3;3;8;1;0
S5PRRPP4;3;4;1;1;0
S5PRRPP4;3;4;2;1;0
S5PRRPP4;3;4;3;1;0
S5PRRPP4;3;4;8;1;0
S5PRRPP4;3;9;1;1;0
S5PRRPP4;3;9;2;1;0
S5PRRPP4;3;9;3;1;0
S5PRRPP4;3;9;8;1;0
S5PRRPR1;3;1;1;1;0
S5PRRPR1;3;1;2;1;0
S5PRRPR1;3;1;3;1;0
S5PRRPR1;3;1;8;1;0
S5PRRPR1;3;2;1;1;0
S5PRRPR1;3;2;2;1;0
S5PRRPR1;3;2;3;1;0
S5PRRPR1;3;2;8;1;0
S5PRRPR1;3;3;1;1;0
S5PRRPR1;3;3;2;1;0
S5PRRPR1;3;3;3;1;0
S5PRRPR1;3;3;8;1;0
S5PRRPR1;3;4;1;1;0
S5PRRPR1;3;4;2;1;0
S5PRRPR1;3;4;3;1;0
S5PRRPR1;3;4;8;1;0
S5PRRPR1;3;9;1;1;0
S5PRRPR1;3;9;2;1;0
S5PRRPR1;3;9;3;1;0
S5PRRPR1;3;9;8;1;0
S5PRRPR2;3;1;1;1;0
S5PRRPR2;3;1;2;1;0
S5PRRPR2;3;1;3;1;0
S5PRRPR2;3;1;8;1;0
S5PRRPR2;3;2;1;1;0
S5PRRPR2;3;2;2;1;0
S5PRRPR2;3;2;3;1;0
S5PRRPR2;3;2;8;1;0
S5PRRPR2;3;3;1;1;0
S5PRRPR2;3;3;2;1;0
S5PRRPR2;3;3;3;1;0
S5PRRPR2;3;3;8;1;0
S5PRRPR2;3;4;1;1;0
S5PRRPR2;3;4;2;1;0
S5PRRPR2;3;4;3;1;0
S5PRRPR2;3;4;8;1;0
S5PRRPR2;3;9;1;1;0
S5PRRPR2;3;9;2;1;0
S5PRRPR2;3;9;3;1;0
S5PRRPR2;3;9;8;1;0
S5PRRPR3;3;1;1;1;0
S5PRRPR3;3;1;2;1;0
S5PRRPR3;3;1;3;1;0
S5PRRPR3;3;1;8;1;0
S5PRRPR3;3;2;1;1;0
S5PRRPR3;3;2;2;1;0
S5PRRPR3;3;2;3;1;0
S5PRRPR3;3;2;8;1;0
S5PRRPR3;3;3;1;1;0
S5PRRPR3;3;3;2;1;0
S5PRRPR3;3;3;3;1;0
S5PRRPR3;3;3;8;1;0
S5PRRPR3;3;4;1;1;0
S5PRRPR3;3;4;2;1;0
S5PRRPR3;3;4;3;1;0
S5PRRPR3;3;4;8;1;0
S5PRRPR3;3;9;1;1;0
S5PRRPR3;3;9;2;1;0
S5PRRPR3;3;9;3;1;0
S5PRRPR3;3;9;8;1;0
S5PRRPR4;3;1;1;1;0
S5PRRPR4;3;1;2;1;0
S5PRRPR4;3;1;3;1;0
S5PRRPR4;3;1;8;1;0
S5PRRPR4;3;2;1;1;0
S5PRRPR4;3;2;2;1;0
S5PRRPR4;3;2;3;1;0
S5PRRPR4;3;2;8;1;0
S5PRRPR4;3;3;1;1;0
S5PRRPR4;3;3;2;1;0
S5PRRPR4;3;3;3;1;0
S5PRRPR4;3;3;8;1;0
S5PRRPR4;3;4;1;1;0
S5PRRPR4;3;4;2;1;0
S5PRRPR4;3;4;3;1;0
S5PRRPR4;3;4;8;1;0
S5PRRPR4;3;9;1;1;0
S5PRRPR4;3;9;2;1;0
S5PRRPR4;3;9;3;1;0
S5PRRPR4;3;9;8;1;0
S5PRRPR5;3;1;1;1;0
S5PRRPR5;3;1;2;1;0
S5PRRPR5;3;1;3;1;0
S5PRRPR5;3;1;8;1;0
S5PRRPR5;3;2;1;1;0
S5PRRPR5;3;2;2;1;0
S5PRRPR5;3;2;3;1;0
S5PRRPR5;3;2;8;1;0
S5PRRPR5;3;3;1;1;0
S5PRRPR5;3;3;2;1;0
S5PRRPR5;3;3;3;1;0
S5PRRPR5;3;3;8;1;0
S5PRRPR5;3;4;1;1;0
S5PRRPR5;3;4;2;1;0
S5PRRPR5;3;4;3;1;0
S5PRRPR5;3;4;8;1;0
S5PRRPR5;3;9;1;1;0
S5PRRPR5;3;9;2;1;0
S5PRRPR5;3;9;3;1;0
S5PRRPR5;3;9;8;1;0
S5PRRPR6;3;1;1;1;0
S5PRRPR6;3;1;2;1;0
S5PRRPR6;3;1;3;1;0
S5PRRPR6;3;1;8;1;0
S5PRRPR6;3;2;1;1;0
S5PRRPR6;3;2;2;1;0
S5PRRPR6;3;2;3;1;0
S5PRRPR6;3;2;8;1;0
S5PRRPR6;3;3;1;1;0
S5PRRPR6;3;3;2;1;0
S5PRRPR6;3;3;3;1;0
S5PRRPR6;3;3;8;1;0
S5PRRPR6;3;4;1;1;0
S5PRRPR6;3;4;2;1;0
S5PRRPR6;3;4;3;1;0
S5PRRPR6;3;4;8;1;0
S5PRRPR6;3;9;1;1;0
S5PRRPR6;3;9;2;1;0
S5PRRPR6;3;9;3;1;0
S5PRRPR6;3;9;8;1;0
S5PRRPR7;3;1;1;1;0
S5PRRPR7;3;1;2;1;0
S5PRRPR7;3;1;3;1;0
S5PRRPR7;3;1;8;1;0
S5PRRPR7;3;2;1;1;0
S5PRRPR7;3;2;2;1;0
S5PRRPR7;3;2;3;1;0
S5PRRPR7;3;2;8;1;0
S5PRRPR7;3;3;1;1;0
S5PRRPR7;3;3;2;1;0
S5PRRPR7;3;3;3;1;0
S5PRRPR7;3;3;8;1;0
S5PRRPR7;3;4;1;1;0
S5PRRPR7;3;4;2;1;0
S5PRRPR7;3;4;3;1;0
S5PRRPR7;3;4;8;1;0
S5PRRPR7;3;9;1;1;0
S5PRRPR7;3;9;2;1;0
S5PRRPR7;3;9;3;1;0
S5PRRPR7;3;9;8;1;0
S5PRRPR8;3;1;1;1;0
S5PRRPR8;3;1;2;1;0
S5PRRPR8;3;1;3;1;0
S5PRRPR8;3;1;8;1;0
S5PRRPR8;3;2;1;1;0
S5PRRPR8;3;2;2;1;0
S5PRRPR8;3;2;3;1;0
S5PRRPR8;3;2;8;1;0
S5PRRPR8;3;3;1;1;0
S5PRRPR8;3;3;2;1;0
S5PRRPR8;3;3;3;1;0
S5PRRPR8;3;3;8;1;0
S5PRRPR8;3;4;1;1;0
S5PRRPR8;3;4;2;1;0
S5PRRPR8;3;4;3;1;0
S5PRRPR8;3;4;8;1;0
S5PRRPR8;3;9;1;1;0
S5PRRPR8;3;9;2;1;0
S5PRRPR8;3;9;3;1;0
S5PRRPR8;3;9;8;1;0
S5PRRRP1;3;1;1;1;0
S5PRRRP1;3;1;2;1;0
S5PRRRP1;3;1;3;1;0
S5PRRRP1;3;1;8;1;0
S5PRRRP1;3;2;1;1;0
S5PRRRP1;3;2;2;1;0
S5PRRRP1;3;2;3;1;0
S5PRRRP1;3;2;8;1;0
S5PRRRP1;3;3;1;1;0
S5PRRRP1;3;3;2;1;0
S5PRRRP1;3;3;3;1;0
S5PRRRP1;3;3;8;1;0
S5PRRRP1;3;4;1;1;0
S5PRRRP1;3;4;2;1;0
S5PRRRP1;3;4;3;1;0
S5PRRRP1;3;4;8;1;0
S5PRRRP1;3;9;1;1;0
S5PRRRP1;3;9;2;1;0
S5PRRRP1;3;9;3;1;0
S5PRRRP1;3;9;8;1;0
S5PRRRP2;3;1;1;1;0
S5PRRRP2;3;1;2;1;0
S5PRRRP2;3;1;3;1;0
S5PRRRP2;3;1;8;1;0
S5PRRRP2;3;2;1;1;0
S5PRRRP2;3;2;2;1;0
S5PRRRP2;3;2;3;1;0
S5PRRRP2;3;2;8;1;0
S5PRRRP2;3;3;1;1;0
S5PRRRP2;3;3;2;1;0
S5PRRRP2;3;3;3;1;0
S5PRRRP2;3;3;8;1;0
S5PRRRP2;3;4;1;1;0
S5PRRRP2;3;4;2;1;0
S5PRRRP2;3;4;3;1;0
S5PRRRP2;3;4;8;1;0
S5PRRRP2;3;9;1;1;0
S5PRRRP2;3;9;2;1;0
S5PRRRP2;3;9;3;1;0
S5PRRRP2;3;9;8;1;0
S5PRRRP3;3;1;1;1;0
S5PRRRP3;3;1;2;1;0
S5PRRRP3;3;1;3;1;0
S5PRRRP3;3;1;8;1;0
S5PRRRP3;3;2;1;1;0
S5PRRRP3;3;2;2;1;0
S5PRRRP3;3;2;3;1;0
S5PRRRP3;3;2;8;1;0
S5PRRRP3;3;3;1;1;0
S5PRRRP3;3;3;2;1;0
S5PRRRP3;3;3;3;1;0
S5PRRRP3;3;3;8;1;0
S5PRRRP3;3;4;1;1;0
S5PRRRP3;3;4;2;1;0
S5PRRRP3;3;4;3;1;0
S5PRRRP3;3;4;8;1;0
S5PRRRP3;3;9;1;1;0
S5PRRRP3;3;9;2;1;0
S5PRRRP3;3;9;3;1;0
S5PRRRP3;3;9;8;1;0
S5PRRRP4;3;1;1;1;0
S5PRRRP4;3;1;2;1;0
S5PRRRP4;3;1;3;1;0
S5PRRRP4;3;1;8;1;0
S5PRRRP4;3;2;1;1;0
S5PRRRP4;3;2;2;1;0
S5PRRRP4;3;2;3;1;0
S5PRRRP4;3;2;8;1;0
S5PRRRP4;3;3;1;1;0
S5PRRRP4;3;3;2;1;0
S5PRRRP4;3;3;3;1;0
S5PRRRP4;3;3;8;1;0
S5PRRRP4;3;4;1;1;0
S5PRRRP4;3;4;2;1;0
S5PRRRP4;3;4;3;1;0
S5PRRRP4;3;4;8;1;0
S5PRRRP4;3;9;1;1;0
S5PRRRP4;3;9;2;1;0
S5PRRRP4;3;9;3;1;0
S5PRRRP4;3;9;8;1;0
S5PRRRP5;3;1;1;1;0
S5PRRRP5;3;1;2;1;0
S5PRRRP5;3;1;3;1;0
S5PRRRP5;3;1;8;1;0
S5PRRRP5;3;2;1;1;0
S5PRRRP5;3;2;2;1;0
S5PRRRP5;3;2;3;1;0
S5PRRRP5;3;2;8;1;0
S5PRRRP5;3;3;1;1;0
S5PRRRP5;3;3;2;1;0
S5PRRRP5;3;3;3;1;0
S5PRRRP5;3;3;8;1;0
S5PRRRP5;3;4;1;1;0
S5PRRRP5;3;4;2;1;0
S5PRRRP5;3;4;3;1;0
S5PRRRP5;3;4;8;1;0
S5PRRRP5;3;9;1;1;0
S5PRRRP5;3;9;2;1;0
S5PRRRP5;3;9;3;1;0
S5PRRRP5;3;9;8;1;0
S5PRRRP6;3;1;1;1;0
S5PRRRP6;3;1;2;1;0
S5PRRRP6;3;1;3;1;0
S5PRRRP6;3;1;8;1;0
S5PRRRP6;3;2;1;1;0
S5PRRRP6;3;2;2;1;0
S5PRRRP6;3;2;3;1;0
S5PRRRP6;3;2;8;1;0
S5PRRRP6;3;3;1;1;0
S5PRRRP6;3;3;2;1;0
S5PRRRP6;3;3;3;1;0
S5PRRRP6;3;3;8;1;0
S5PRRRP6;3;4;1;1;0
S5PRRRP6;3;4;2;1;0
S5PRRRP6;3;4;3;1;0
S5PRRRP6;3;4;8;1;0
S5PRRRP6;3;9;1;1;0
S5PRRRP6;3;9;2;1;0
S5PRRRP6;3;9;3;1;0
S5PRRRP6;3;9;8;1;0
S5PRRRP7;3;1;1;1;0
S5PRRRP7;3;1;2;1;0
S5PRRRP7;3;1;3;1;0
S5PRRRP7;3;1;8;1;0
S5PRRRP7;3;2;1;1;0
S5PRRRP7;3;2;2;1;0
S5PRRRP7;3;2;3;1;0
S5PRRRP7;3;2;8;1;0
S5PRRRP7;3;3;1;1;0
S5PRRRP7;3;3;2;1;0
S5PRRRP7;3;3;3;1;0
S5PRRRP7;3;3;8;1;0
S5PRRRP7;3;4;1;1;0
S5PRRRP7;3;4;2;1;0
S5PRRRP7;3;4;3;1;0
S5PRRRP7;3;4;8;1;0
S5PRRRP7;3;9;1;1;0
S5PRRRP7;3;9;2;1;0
S5PRRRP7;3;9;3;1;0
S5PRRRP7;3;9;8;1;0
S5PRRRP8;3;1;1;1;0
S5PRRRP8;3;1;2;1;0
S5PRRRP8;3;1;3;1;0
S5PRRRP8;3;1;8;1;0
S5PRRRP8;3;2;1;1;0
S5PRRRP8;3;2;2;1;0
S5PRRRP8;3;2;3;1;0
S5PRRRP8;3;2;8;1;0
S5PRRRP8;3;3;1;1;0
S5PRRRP8;3;3;2;1;0
S5PRRRP8;3;3;3;1;0
S5PRRRP8;3;3;8;1;0
S5PRRRP8;3;4;1;1;0
S5PRRRP8;3;4;2;1;0
S5PRRRP8;3;4;3;1;0
S5PRRRP8;3;4;8;1;0
S5PRRRP8;3;9;1;1;0
S5PRRRP8;3;9;2;1;0
S5PRRRP8;3;9;3;1;0
S5PRRRP8;3;9;8;1;0
S5PRRRR1;3;1;1;3;0
S5PRRRR1;3;1;2;3;0
S5PRRRR1;3;1;3;0;1
S5PRRRR1;3;2;1;3;0
S5PRRRR1;3;2;2;3;0
S5PRRRR1;3;2;3;0;1
S5PRRRR1;3;3;1;0;1
S5PRRRR1;3;3;2;3;0
S5PRRRR1;3;3;3;3;0
S5PRRRR1;3;4;1;3;0
S5PRRRR1;3;4;2;3;0
S5PRRRR1;3;4;3;3;0
S5PRRRR10;3;1;1;0;0
S5PRRRR10;3;1;2;3;0
S5PRRRR10;3;1;3;3;0
S5PRRRR10;3;1;8;3;0
S5PRRRR10;3;2;1;3;0
S5PRRRR10;3;2;2;0;0
S5PRRRR10;3;2;3;3;0
S5PRRRR10;3;2;8;3;0
S5PRRRR10;3;3;1;3;0
S5PRRRR10;3;3;2;3;0
S5PRRRR10;3;3;3;0;0
S5PRRRR10;3;3;8;3;0
S5PRRRR10;3;4;1;3;0
S5PRRRR10;3;4;2;3;0
S5PRRRR10;3;4;3;3;0
S5PRRRR10;3;4;8;3;0
S5PRRRR10;3;9;1;3;0
S5PRRRR10;3;9;2;3;0
S5PRRRR10;3;9;3;3;0
S5PRRRR10;3;9;8;3;0
S5PRRRR2;3;1;1;3;0
S5PRRRR2;3;1;2;0;0
S5PRRRR2;3;1;3;0;0
S5PRRRR2;3;1;8;0;0
S5PRRRR2;3;2;1;0;0
S5PRRRR2;3;2;2;3;0
S5PRRRR2;3;2;3;0;0
S5PRRRR2;3;2;8;3;0
S5PRRRR2;3;3;1;0;0
S5PRRRR2;3;3;2;0;0
S5PRRRR2;3;3;3;3;0
S5PRRRR2;3;4;1;3;0
S5PRRRR2;3;4;2;0;1
S5PRRRR2;3;4;3;2;0
S5PRRRR2;3;9;1;0;0
S5PRRRR2;3;9;2;3;0
S5PRRRR2;3;9;3;3;0
S5PRRRR2;3;9;8;0;0
S5PRRRR3;3;1;1;3;0
S5PRRRR3;3;1;2;0;0
S5PRRRR3;3;1;3;0;0
S5PRRRR3;3;1;8;0;0
S5PRRRR3;3;2;1;0;0
S5PRRRR3;3;2;2;3;0
S5PRRRR3;3;2;3;0;0
S5PRRRR3;3;2;8;3;0
S5PRRRR3;3;3;1;0;0
S5PRRRR3;3;3;2;0;0
S5PRRRR3;3;3;3;3;0
S5PRRRR3;3;3;8;3;0
S5PRRRR3;3;4;1;3;0
S5PRRRR3;3;4;2;0;1
S5PRRRR3;3;4;3;3;0
S5PRRRR3;3;4;8;3;0
S5PRRRR3;3;9;1;0;0
S5PRRRR3;3;9;2;3;0
S5PRRRR3;3;9;3;3;0
S5PRRRR3;3;9;8;0;0
S5PRRRR4;3;1;1;3;0
S5PRRRR4;3;1;2;0;1
S5PRRRR4;3;1;3;0;1
S5PRRRR4;3;1;8;0;1
S5PRRRR4;3;2;1;0;1
S5PRRRR4;3;2;2;3;0
S5PRRRR4;3;2;3;0;1
S5PRRRR4;3;2;8;3;0
S5PRRRR4;3;3;1;0;1
S5PRRRR4;3;3;2;0;1
S5PRRRR4;3;3;3;3;0
S5PRRRR4;3;3;8;3;0
S5PRRRR4;3;4;1;3;0
S5PRRRR4;3;4;2;0;1
S5PRRRR4;3;4;3;3;0
S5PRRRR4;3;4;8;3;0
S5PRRRR4;3;9;1;0;0
S5PRRRR4;3;9;2;3;0
S5PRRRR4;3;9;3;3;0
S5PRRRR4;3;9;8;0;0
S5PRRRR6;3;1;1;0;1
S5PRRRR6;3;1;2;0;1
S5PRRRR6;3;1;3;0;1
S5PRRRR6;3;1;8;3;0
S5PRRRR6;3;2;1;0;1
S5PRRRR6;3;2;2;0;1
S5PRRRR6;3;2;3;0;1
S5PRRRR6;3;2;8;0;0
S5PRRRR6;3;3;1;0;1
S5PRRRR6;3;3;2;0;1
S5PRRRR6;3;3;3;0;1
S5PRRRR6;3;3;8;0;0
S5PRRRR6;3;4;1;0;1
S5PRRRR6;3;4;2;0;1
S5PRRRR6;3;4;3;0;1
S5PRRRR6;3;4;8;3;0
S5PRRRR6;3;9;1;0;0
S5PRRRR6;3;9;2;0;1
S5PRRRR6;3;9;3;0;1
S5PRRRR6;3;9;8;0;0
S5PRRRR7;3;1;1;0;0
S5PRRRR7;3;1;2;3;0
S5PRRRR7;3;1;3;3;0
S5PRRRR7;3;1;8;3;0
S5PRRRR7;3;2;1;3;0
S5PRRRR7;3;2;2;0;0
S5PRRRR7;3;2;3;3;0
S5PRRRR7;3;2;8;3;0
S5PRRRR7;3;3;1;3;0
S5PRRRR7;3;3;2;3;0
S5PRRRR7;3;3;3;0;0
S5PRRRR7;3;3;8;0;0
S5PRRRR7;3;4;1;0;0
S5PRRRR7;3;4;2;3;0
S5PRRRR7;3;4;3;0;0
S5PRRRR7;3;4;8;3;0
S5PRRRR7;3;9;1;3;0
S5PRRRR7;3;9;2;3;0
S5PRRRR7;3;9;3;3;0
S5PRRRR7;3;9;8;3;0
S5PRRRR8;3;1;1;0;1
S5PRRRR8;3;1;2;0;1
S5PRRRR8;3;1;3;0;1
S5PRRRR8;3;1;8;3;0
S5PRRRR8;3;2;1;0;1
S5PRRRR8;3;2;2;0;1
S5PRRRR8;3;2;3;0;1
S5PRRRR8;3;2;8;3;0
S5PRRRR8;3;3;1;0;1
S5PRRRR8;3;3;2;0;1
S5PRRRR8;3;3;3;0;1
S5PRRRR8;3;3;8;3;0
S5PRRRR8;3;4;1;3;0
S5PRRRR8;3;4;2;0;1
S5PRRRR8;3;4;3;3;0
S5PRRRR8;3;4;8;3;0
S5PRRRR8;3;9;1;0;0
S5PRRRR8;3;9;2;3;0
S5PRRRR8;3;9;3;3;0
S5PRRRR8;3;9;8;0;0
S5PRRRR9;3;1;1;0;0
S5PRRRR9;3;1;2;3;0
S5PRRRR9;3;1;3;3;0
S5PRRRR9;3;1;8;3;0
S5PRRRR9;3;2;1;3;0
S5PRRRR9;3;2;2;0;0
S5PRRRR9;3;2;3;3;0
S5PRRRR9;3;2;8;3;0
S5PRRRR9;3;3;1;3;0
S5PRRRR9;3;3;2;3;0
S5PRRRR9;3;3;3;0;0
S5PRRRR9;3;3;8;3;0
S5PRRRR9;3;4;1;3;0
S5PRRRR9;3;4;2;3;0
S5PRRRR9;3;4;3;3;0
S5PRRRR9;3;4;8;3;0
S5PRRRR9;3;9;1;3;0
S5PRRRR9;3;9;2;3;0
S5PRRRR9;3;9;3;3;0
S5PRRRR9;3;9;8;3;0
S5RPPPR1;3;1;1;1;0
S5RPPPR1;3;1;2;1;0
S5RPPPR1;3;1;3;1;0
S5RPPPR1;3;1;8;1;0
S5RPPPR1;3;2;1;1;0
S5RPPPR1;3;2;2;1;0
S5RPPPR1;3;2;3;1;0
S5RPPPR1;3;2;8;1;0
S5RPPPR1;3;3;1;1;0
S5RPPPR1;3;3;2;1;0
S5RPPPR1;3;3;3;1;0
S5RPPPR1;3;3;8;1;0
S5RPPPR1;3;4;1;1;0
S5RPPPR1;3;4;2;1;0
S5RPPPR1;3;4;3;1;0
S5RPPPR1;3;4;8;1;0
S5RPPPR1;3;9;1;1;0
S5RPPPR1;3;9;2;1;0
S5RPPPR1;3;9;3;1;0
S5RPPPR1;3;9;8;1;0
S5RPPPR2;3;1;1;1;0
S5RPPPR2;3;1;2;1;0
S5RPPPR2;3;1;3;1;0
S5RPPPR2;3;1;8;1;0
S5RPPPR2;3;2;1;1;0
S5RPPPR2;3;2;2;1;0
S5RPPPR2;3;2;3;1;0
S5RPPPR2;3;2;8;1;0
S5RPPPR2;3;3;1;1;0
S5RPPPR2;3;3;2;1;0
S5RPPPR2;3;3;3;1;0
S5RPPPR2;3;3;8;1;0
S5RPPPR2;3;4;1;1;0
S5RPPPR2;3;4;2;1;0
S5RPPPR2;3;4;3;1;0
S5RPPPR2;3;4;8;1;0
S5RPPPR2;3;9;1;1;0
S5RPPPR2;3;9;2;1;0
S5RPPPR2;3;9;3;1;0
S5RPPPR2;3;9;8;1;0
S5RPPPR3;3;1;1;1;0
S5RPPPR3;3;1;2;1;0
S5RPPPR3;3;1;3;1;0
S5RPPPR3;3;1;8;1;0
S5RPPPR3;3;2;1;1;0
S5RPPPR3;3;2;2;1;0
S5RPPPR3;3;2;3;1;0
S5RPPPR3;3;2;8;1;0
S5RPPPR3;3;3;1;1;0
S5RPPPR3;3;3;2;1;0
S5RPPPR3;3;3;3;1;0
S5RPPPR3;3;3;8;1;0
S5RPPPR3;3;4;1;1;0
S5RPPPR3;3;4;2;1;0
S5RPPPR3;3;4;3;1;0
S5RPPPR3;3;4;8;1;0
S5RPPPR3;3;9;1;1;0
S5RPPPR3;3;9;2;1;0
S5RPPPR3;3;9;3;1;0
S5RPPPR3;3;9;8;1;0
S5RPPPR4;3;1;1;1;0
S5RPPPR4;3;1;2;1;0
S5RPPPR4;3;1;3;1;0
S5RPPPR4;3;1;8;1;0
S5RPPPR4;3;2;1;1;0
S5RPPPR4;3;2;2;1;0
S5RPPPR4;3;2;3;1;0
S5RPPPR4;3;2;8;1;0
S5RPPPR4;3;3;1;1;0
S5RPPPR4;3;3;2;1;0
S5RPPPR4;3;3;3;1;0
S5RPPPR4;3;3;8;1;0
S5RPPPR4;3;4;1;1;0
S5RPPPR4;3;4;2;1;0
S5RPPPR4;3;4;3;1;0
S5RPPPR4;3;4;8;1;0
S5RPPPR4;3;9;1;1;0
S5RPPPR4;3;9;2;1;0
S5RPPPR4;3;9;3;1;0
S5RPPPR4;3;9;8;1;0
S5RPPPR5;3;1;1;1;0
S5RPPPR5;3;1;2;1;0
S5RPPPR5;3;1;3;1;0
S5RPPPR5;3;1;8;1;0
S5RPPPR5;3;2;1;1;0
S5RPPPR5;3;2;2;1;0
S5RPPPR5;3;2;3;1;0
S5RPPPR5;3;2;8;1;0
S5RPPPR5;3;3;1;1;0
S5RPPPR5;3;3;2;1;0
S5RPPPR5;3;3;3;1;0
S5RPPPR5;3;3;8;1;0
S5RPPPR5;3;4;1;1;0
S5RPPPR5;3;4;2;1;0
S5RPPPR5;3;4;3;1;0
S5RPPPR5;3;4;8;1;0
S5RPPPR5;3;9;1;1;0
S5RPPPR5;3;9;2;1;0
S5RPPPR5;3;9;3;1;0
S5RPPPR5;3;9;8;1;0
S5RPPPR6;3;1;1;1;0
S5RPPPR6;3;1;2;1;0
S5RPPPR6;3;1;3;1;0
S5RPPPR6;3;1;8;1;0
S5RPPPR6;3;2;1;1;0
S5RPPPR6;3;2;2;1;0
S5RPPPR6;3;2;3;1;0
S5RPPPR6;3;2;8;1;0
S5RPPPR6;3;3;1;1;0
S5RPPPR6;3;3;2;1;0
S5RPPPR6;3;3;3;1;0
S5RPPPR6;3;3;8;1;0
S5RPPPR6;3;4;1;1;0
S5RPPPR6;3;4;2;1;0
S5RPPPR6;3;4;3;1;0
S5RPPPR6;3;4;8;1;0
S5RPPPR6;3;9;1;1;0
S5RPPPR6;3;9;2;1;0
S5RPPPR6;3;9;3;1;0
S5RPPPR6;3;9;8;1;0
S5RPPRP1;3;1;1;1;0
S5RPPRP1;3;1;2;1;0
S5RPPRP1;3;1;3;1;0
S5RPPRP1;3;1;8;1;0
S5RPPRP1;3;2;1;1;0
S5RPPRP1;3;2;2;1;0
S5RPPRP1;3;2;3;1;0
S5RPPRP1;3;2;8;1;0
S5RPPRP1;3;3;1;1;0
S5RPPRP1;3;3;2;1;0
S5RPPRP1;3;3;3;1;0
S5RPPRP1;3;3;8;1;0
S5RPPRP1;3;4;1;1;0
S5RPPRP1;3;4;2;1;0
S5RPPRP1;3;4;3;1;0
S5RPPRP1;3;4;8;1;0
S5RPPRP1;3;9;1;1;0
S5RPPRP1;3;9;2;1;0
S5RPPRP1;3;9;3;1;0
S5RPPRP1;3;9;8;1;0
S5RPPRP2;3;1;1;1;0
S5RPPRP2;3;1;2;1;0
S5RPPRP2;3;1;3;1;0
S5RPPRP2;3;1;8;1;0
S5RPPRP2;3;2;1;1;0
S5RPPRP2;3;2;2;1;0
S5RPPRP2;3;2;3;1;0
S5RPPRP2;3;2;8;1;0
S5RPPRP2;3;3;1;1;0
S5RPPRP2;3;3;2;1;0
S5RPPRP2;3;3;3;1;0
S5RPPRP2;3;3;8;1;0
S5RPPRP2;3;4;1;1;0
S5RPPRP2;3;4;2;1;0
S5RPPRP2;3;4;3;1;0
S5RPPRP2;3;4;8;1;0
S5RPPRP2;3;9;1;1;0
S5RPPRP2;3;9;2;1;0
S5RPPRP2;3;9;3;1;0
S5RPPRP2;3;9;8;1;0
S5RPPRP3;3;1;1;1;0
S5RPPRP3;3;1;2;1;0
S5RPPRP3;3;1;3;1;0
S5RPPRP3;3;1;8;1;0
S5RPPRP3;3;2;1;1;0
S5RPPRP3;3;2;2;1;0
S5RPPRP3;3;2;3;1;0
S5RPPRP3;3;2;8;1;0
S5RPPRP3;3;3;1;1;0
S5RPPRP3;3;3;2;1;0
S5RPPRP3;3;3;3;1;0
S5RPPRP3;3;3;8;1;0
S5RPPRP3;3;4;1;1;0
S5RPPRP3;3;4;2;1;0
S5RPPRP3;3;4;3;1;0
S5RPPRP3;3;4;8;1;0
S5RPPRP3;3;9;1;1;0
S5RPPRP3;3;9;2;1;0
S5RPPRP3;3;9;3;1;0
S5RPPRP3;3;9;8;1;0
S5RPPRP4;3;1;1;1;0
S5RPPRP4;3;1;2;1;0
S5RPPRP4;3;1;3;1;0
S5RPPRP4;3;1;8;1;0
S5RPPRP4;3;2;1;1;0
S5RPPRP4;3;2;2;1;0
S5RPPRP4;3;2;3;1;0
S5RPPRP4;3;2;8;1;0
S5RPPRP4;3;3;1;1;0
S5RPPRP4;3;3;2;1;0
S5RPPRP4;3;3;3;1;0
S5RPPRP4;3;3;8;1;0
S5RPPRP4;3;4;1;1;0
S5RPPRP4;3;4;2;1;0
S5RPPRP4;3;4;3;1;0
S5RPPRP4;3;4;8;1;0
S5RPPRP4;3;9;1;1;0
S5RPPRP4;3;9;2;1;0
S5RPPRP4;3;9;3;1;0
S5RPPRP4;3;9;8;1;0
S5RPPRP5;3;1;1;1;0
S5RPPRP5;3;1;2;1;0
S5RPPRP5;3;1;3;1;0
S5RPPRP5;3;1;8;1;0
S5RPPRP5;3;2;1;1;0
S5RPPRP5;3;2;2;1;0
S5RPPRP5;3;2;3;1;0
S5RPPRP5;3;2;8;1;0
S5RPPRP5;3;3;1;1;0
S5RPPRP5;3;3;2;1;0
S5RPPRP5;3;3;3;1;0
S5RPPRP5;3;3;8;1;0
S5RPPRP5;3;4;1;1;0
S5RPPRP5;3;4;2;1;0
S5RPPRP5;3;4;3;1;0
S5RPPRP5;3;4;8;1;0
S5RPPRP5;3;9;1;1;0
S5RPPRP5;3;9;2;1;0
S5RPPRP5;3;9;3;1;0
S5RPPRP5;3;9;8;1;0
S5RPPRP6;3;1;1;1;0
S5RPPRP6;3;1;2;1;0
S5RPPRP6;3;1;3;1;0
S5RPPRP6;3;1;8;1;0
S5RPPRP6;3;2;1;1;0
S5RPPRP6;3;2;2;1;0
S5RPPRP6;3;2;3;1;0
S5RPPRP6;3;2;8;1;0
S5RPPRP6;3;3;1;1;0
S5RPPRP6;3;3;2;1;0
S5RPPRP6;3;3;3;1;0
S5RPPRP6;3;3;8;1;0
S5RPPRP6;3;4;1;1;0
S5RPPRP6;3;4;2;1;0
S5RPPRP6;3;4;3;1;0
S5RPPRP6;3;4;8;1;0
S5RPPRP6;3;9;1;1;0
S5RPPRP6;3;9;2;1;0
S5RPPRP6;3;9;3;1;0
S5RPPRP6;3;9;8;1;0
S5RPPRR1;3;1;1;1;0
S5RPPRR1;3;1;2;1;0
S5RPPRR1;3;1;3;1;0
S5RPPRR1;3;2;1;1;0
S5RPPRR1;3;2;2;1;0
S5RPPRR1;3;2;3;1;0
S5RPPRR1;3;3;1;1;0
S5RPPRR1;3;3;2;1;0
S5RPPRR1;3;3;3;1;0
S5RPPRR1;3;4;1;1;0
S5RPPRR1;3;4;2;1;0
S5RPPRR1;3;4;3;1;0
S5RPPRR10;3;1;1;1;0
S5RPPRR10;3;1;2;1;0
S5RPPRR10;3;1;3;1;0
S5RPPRR10;3;1;8;1;0
S5RPPRR10;3;2;1;1;0
S5RPPRR10;3;2;2;1;0
S5RPPRR10;3;2;3;1;0
S5RPPRR10;3;2;8;1;0
S5RPPRR10;3;3;1;1;0
S5RPPRR10;3;3;2;1;0
S5RPPRR10;3;3;3;1;0
S5RPPRR10;3;3;8;1;0
S5RPPRR10;3;4;1;1;0
S5RPPRR10;3;4;2;1;0
S5RPPRR10;3;4;3;1;0
S5RPPRR10;3;4;8;1;0
S5RPPRR10;3;9;1;1;0
S5RPPRR10;3;9;2;1;0
S5RPPRR10;3;9;3;1;0
S5RPPRR10;3;9;8;1;0
S5RPPRR11;3;1;1;1;0
S5RPPRR11;3;1;2;1;0
S5RPPRR11;3;1;3;1;0
S5RPPRR11;3;2;1;1;0
S5RPPRR11;3;2;2;1;0
S5RPPRR11;3;2;3;1;0
S5RPPRR11;3;3;1;1;0
S5RPPRR11;3;3;2;1;0
S5RPPRR11;3;3;3;1;0
S5RPPRR11;3;4;1;1;0
S5RPPRR11;3;4;2;1;0
S5RPPRR11;3;4;3;1;0
S5RPPRR12;3;1;1;1;0
S5RPPRR12;3;1;2;1;0
S5RPPRR12;3;1;3;1;0
S5RPPRR12;3;1;8;1;0
S5RPPRR12;3;2;1;1;0
S5RPPRR12;3;2;2;1;0
S5RPPRR12;3;2;3;1;0
S5RPPRR12;3;2;8;1;0
S5RPPRR12;3;3;1;1;0
S5RPPRR12;3;3;2;1;0
S5RPPRR12;3;3;3;1;0
S5RPPRR12;3;3;8;1;0
S5RPPRR12;3;4;1;1;0
S5RPPRR12;3;4;2;1;0
S5RPPRR12;3;4;3;1;0
S5RPPRR12;3;4;8;1;0
S5RPPRR12;3;9;1;1;0
S5RPPRR12;3;9;2;1;0
S5RPPRR12;3;9;3;1;0
S5RPPRR12;3;9;8;1;0
S5RPPRR2;3;1;1;1;0
S5RPPRR2;3;1;2;1;0
S5RPPRR2;3;1;3;1;0
S5RPPRR2;3;1;8;1;0
S5RPPRR2;3;2;1;1;0
S5RPPRR2;3;2;2;1;0
S5RPPRR2;3;2;3;1;0
S5RPPRR2;3;2;8;1;0
S5RPPRR2;3;3;1;1;0
S5RPPRR2;3;3;2;1;0
S5RPPRR2;3;3;3;1;0
S5RPPRR2;3;3;8;1;0
S5RPPRR2;3;4;1;1;0
S5RPPRR2;3;4;2;1;0
S5RPPRR2;3;4;3;1;0
S5RPPRR2;3;4;8;1;0
S5RPPRR2;3;9;1;1;0
S5RPPRR2;3;9;2;1;0
S5RPPRR2;3;9;3;1;0
S5RPPRR2;3;9;8;1;0
S5RPPRR3;3;1;1;1;0
S5RPPRR3;3;1;2;1;0
S5RPPRR3;3;1;3;1;0
S5RPPRR3;3;1;8;1;0
S5RPPRR3;3;2;1;1;0
S5RPPRR3;3;2;2;1;0
S5RPPRR3;3;2;3;1;0
S5RPPRR3;3;2;8;1;0
S5RPPRR3;3;3;1;1;0
S5RPPRR3;3;3;2;1;0
S5RPPRR3;3;3;3;1;0
S5RPPRR3;3;3;8;1;0
S5RPPRR3;3;4;1;1;0
S5RPPRR3;3;4;2;1;0
S5RPPRR3;3;4;3;1;0
S5RPPRR3;3;4;8;1;0
S5RPPRR3;3;9;1;1;0
S5RPPRR3;3;9;2;1;0
S5RPPRR3;3;9;3;1;0
S5RPPRR3;3;9;8;1;0
S5RPPRR4;3;1;1;1;0
S5RPPRR4;3;1;2;1;0
S5RPPRR4;3;1;3;1;0
S5RPPRR4;3;1;8;1;0
S5RPPRR4;3;2;1;1;0
S5RPPRR4;3;2;2;1;0
S5RPPRR4;3;2;3;1;0
S5RPPRR4;3;2;8;1;0
S5RPPRR4;3;3;1;1;0
S5RPPRR4;3;3;2;1;0
S5RPPRR4;3;3;3;1;0
S5RPPRR4;3;3;8;1;0
S5RPPRR4;3;4;1;1;0
S5RPPRR4;3;4;2;1;0
S5RPPRR4;3;4;3;1;0
S5RPPRR4;3;4;8;1;0
S5RPPRR4;3;9;1;1;0
S5RPPRR4;3;9;2;1;0
S5RPPRR4;3;9;3;1;0
S5RPPRR4;3;9;8;1;0
S5RPPRR5;3;1;1;1;0
S5RPPRR5;3;1;2;1;0
S5RPPRR5;3;1;3;1;0
S5RPPRR5;3;1;8;1;0
S5RPPRR5;3;2;1;1;0
S5RPPRR5;3;2;2;1;0
S5RPPRR5;3;2;3;1;0
S5RPPRR5;3;2;8;1;0
S5RPPRR5;3;3;1;1;0
S5RPPRR5;3;3;2;1;0
S5RPPRR5;3;3;3;1;0
S5RPPRR5;3;3;8;1;0
S5RPPRR5;3;4;1;1;0
S5RPPRR5;3;4;2;1;0
S5RPPRR5;3;4;3;1;0
S5RPPRR5;3;4;8;1;0
S5RPPRR5;3;9;1;1;0
S5RPPRR5;3;9;2;1;0
S5RPPRR5;3;9;3;1;0
S5RPPRR5;3;9;8;1;0
S5RPPRR6;3;1;1;1;0
S5RPPRR6;3;1;2;1;0
S5RPPRR6;3;1;3;1;0
S5RPPRR6;3;1;8;1;0
S5RPPRR6;3;2;1;1;0
S5RPPRR6;3;2;2;1;0
S5RPPRR6;3;2;3;1;0
S5RPPRR6;3;2;8;1;0
S5RPPRR6;3;3;1;1;0
S5RPPRR6;3;3;2;1;0
S5RPPRR6;3;3;3;1;0
S5RPPRR6;3;3;8;1;0
S5RPPRR6;3;4;1;1;0
S5RPPRR6;3;4;2;1;0
S5RPPRR6;3;4;3;1;0
S5RPPRR6;3;4;8;1;0
S5RPPRR6;3;9;1;1;0
S5RPPRR6;3;9;2;1;0
S5RPPRR6;3;9;3;1;0
S5RPPRR6;3;9;8;1;0
S5RPPRR7;3;1;1;1;0
S5RPPRR7;3;1;2;1;0
S5RPPRR7;3;1;3;1;0
S5RPPRR7;3;1;8;1;0
S5RPPRR7;3;2;1;1;0
S5RPPRR7;3;2;2;1;0
S5RPPRR7;3;2;3;1;0
S5RPPRR7;3;2;8;1;0
S5RPPRR7;3;3;1;1;0
S5RPPRR7;3;3;2;1;0
S5RPPRR7;3;3;3;1;0
S5RPPRR7;3;3;8;1;0
S5RPPRR7;3;4;1;1;0
S5RPPRR7;3;4;2;1;0
S5RPPRR7;3;4;3;1;0
S5RPPRR7;3;4;8;1;0
S5RPPRR7;3;9;1;1;0
S5RPPRR7;3;9;2;1;0
S5RPPRR7;3;9;3;1;0
S5RPPRR7;3;9;8;1;0
S5RPPRR8;3;1;1;1;0
S5RPPRR8;3;1;2;1;0
S5RPPRR8;3;1;3;1;0
S5RPPRR8;3;1;8;1;0
S5RPPRR8;3;2;1;1;0
S5RPPRR8;3;2;2;1;0
S5RPPRR8;3;2;3;1;0
S5RPPRR8;3;2;8;1;0
S5RPPRR8;3;3;1;1;0
S5RPPRR8;3;3;2;1;0
S5RPPRR8;3;3;3;1;0
S5RPPRR8;3;3;8;1;0
S5RPPRR8;3;4;1;1;0
S5RPPRR8;3;4;2;1;0
S5RPPRR8;3;4;3;1;0
S5RPPRR8;3;4;8;1;0
S5RPPRR8;3;9;1;1;0
S5RPPRR8;3;9;2;1;0
S5RPPRR8;3;9;3;1;0
S5RPPRR8;3;9;8;1;0
S5RPPRR9;3;1;1;1;0
S5RPPRR9;3;1;2;1;0
S5RPPRR9;3;1;3;1;0
S5RPPRR9;3;1;8;1;0
S5RPPRR9;3;2;1;1;0
S5RPPRR9;3;2;2;1;0
S5RPPRR9;3;2;3;1;0
S5RPPRR9;3;2;8;1;0
S5RPPRR9;3;3;1;1;0
S5RPPRR9;3;3;2;1;0
S5RPPRR9;3;3;3;1;0
S5RPPRR9;3;3;8;1;0
S5RPPRR9;3;4;1;1;0
S5RPPRR9;3;4;2;1;0
S5RPPRR9;3;4;3;1;0
S5RPPRR9;3;4;8;1;0
S5RPPRR9;3;9;1;1;0
S5RPPRR9;3;9;2;1;0
S5RPPRR9;3;9;3;1;0
S5RPPRR9;3;9;8;1;0
S5RPRPP1;3;1;1;1;0
S5RPRPP1;3;1;2;1;0
S5RPRPP1;3;1;3;1;0
S5RPRPP1;3;1;8;1;0
S5RPRPP1;3;2;1;1;0
S5RPRPP1;3;2;2;1;0
S5RPRPP1;3;2;3;1;0
S5RPRPP1;3;2;8;1;0
S5RPRPP1;3;3;1;1;0
S5RPRPP1;3;3;2;1;0
S5RPRPP1;3;3;3;1;0
S5RPRPP1;3;3;8;1;0
S5RPRPP1;3;4;1;1;0
S5RPRPP1;3;4;2;1;0
S5RPRPP1;3;4;3;1;0
S5RPRPP1;3;4;8;1;0
S5RPRPP1;3;9;1;1;0
S5RPRPP1;3;9;2;1;0
S5RPRPP1;3;9;3;1;0
S5RPRPP1;3;9;8;1;0
S5RPRPP2;3;1;1;1;0
S5RPRPP2;3;1;2;1;0
S5RPRPP2;3;1;3;1;0
S5RPRPP2;3;1;8;1;0
S5RPRPP2;3;2;1;1;0
S5RPRPP2;3;2;2;1;0
S5RPRPP2;3;2;3;1;0
S5RPRPP2;3;2;8;1;0
S5RPRPP2;3;3;1;1;0
S5RPRPP2;3;3;2;1;0
S5RPRPP2;3;3;3;1;0
S5RPRPP2;3;3;8;1;0
S5RPRPP2;3;4;1;1;0
S5RPRPP2;3;4;2;1;0
S5RPRPP2;3;4;3;1;0
S5RPRPP2;3;4;8;1;0
S5RPRPP2;3;9;1;1;0
S5RPRPP2;3;9;2;1;0
S5RPRPP2;3;9;3;1;0
S5RPRPP2;3;9;8;1;0
S5RPRPP3;3;1;1;1;0
S5RPRPP3;3;1;2;1;0
S5RPRPP3;3;1;3;1;0
S5RPRPP3;3;1;8;1;0
S5RPRPP3;3;2;1;1;0
S5RPRPP3;3;2;2;1;0
S5RPRPP3;3;2;3;1;0
S5RPRPP3;3;2;8;1;0
S5RPRPP3;3;3;1;1;0
S5RPRPP3;3;3;2;1;0
S5RPRPP3;3;3;3;1;0
S5RPRPP3;3;3;8;1;0
S5RPRPP3;3;4;1;1;0
S5RPRPP3;3;4;2;1;0
S5RPRPP3;3;4;3;1;0
S5RPRPP3;3;4;8;1;0
S5RPRPP3;3;9;1;1;0
S5RPRPP3;3;9;2;1;0
S5RPRPP3;3;9;3;1;0
S5RPRPP3;3;9;8;1;0
S5RPRPP4;3;1;1;1;0
S5RPRPP4;3;1;2;1;0
S5RPRPP4;3;1;3;1;0
S5RPRPP4;3;1;8;1;0
S5RPRPP4;3;2;1;1;0
S5RPRPP4;3;2;2;1;0
S5RPRPP4;3;2;3;1;0
S5RPRPP4;3;2;8;1;0
S5RPRPP4;3;3;1;1;0
S5RPRPP4;3;3;2;1;0
S5RPRPP4;3;3;3;1;0
S5RPRPP4;3;3;8;1;0
S5RPRPP4;3;4;1;1;0
S5RPRPP4;3;4;2;1;0
S5RPRPP4;3;4;3;1;0
S5RPRPP4;3;4;8;1;0
S5RPRPP4;3;9;1;1;0
S5RPRPP4;3;9;2;1;0
S5RPRPP4;3;9;3;1;0
S5RPRPP4;3;9;8;1;0
S5RPRPP5;3;1;1;1;0
S5RPRPP5;3;1;2;1;0
S5RPRPP5;3;1;3;1;0
S5RPRPP5;3;2;1;1;0
S5RPRPP5;3;2;2;1;0
S5RPRPP5;3;2;3;1;0
S5RPRPP5;3;3;1;1;0
S5RPRPP5;3;3;2;1;0
S5RPRPP5;3;3;3;1;0
S5RPRPP5;3;4;1;1;0
S5RPRPP5;3;4;2;1;0
S5RPRPP5;3;4;3;1;0
S5RPRPR1;3;1;1;1;0
S5RPRPR1;3;1;2;1;0
S5RPRPR1;3;1;3;1;0
S5RPRPR1;3;1;8;1;0
S5RPRPR1;3;2;1;1;0
S5RPRPR1;3;2;2;1;0
S5RPRPR1;3;2;3;1;0
S5RPRPR1;3;2;8;1;0
S5RPRPR1;3;3;1;1;0
S5RPRPR1;3;3;2;1;0
S5RPRPR1;3;3;3;1;0
S5RPRPR1;3;3;8;1;0
S5RPRPR1;3;4;1;1;0
S5RPRPR1;3;4;2;1;0
S5RPRPR1;3;4;3;1;0
S5RPRPR1;3;4;8;1;0
S5RPRPR1;3;9;1;1;0
S5RPRPR1;3;9;2;1;0
S5RPRPR1;3;9;3;1;0
S5RPRPR1;3;9;8;1;0
S5RPRPR10;3;1;1;1;0
S5RPRPR10;3;1;2;1;0
S5RPRPR10;3;1;3;1;0
S5RPRPR10;3;1;8;1;0
S5RPRPR10;3;2;1;1;0
S5RPRPR10;3;2;2;1;0
S5RPRPR10;3;2;3;1;0
S5RPRPR10;3;2;8;1;0
S5RPRPR10;3;3;1;1;0
S5RPRPR10;3;3;2;1;0
S5RPRPR10;3;3;3;1;0
S5RPRPR10;3;3;8;1;0
S5RPRPR10;3;4;1;1;0
S5RPRPR10;3;4;2;1;0
S5RPRPR10;3;4;3;1;0
S5RPRPR10;3;4;8;1;0
S5RPRPR10;3;9;1;1;0
S5RPRPR10;3;9;2;1;0
S5RPRPR10;3;9;3;1;0
S5RPRPR10;3;9;8;1;0
S5RPRPR11;3;1;1;1;0
S5RPRPR11;3;1;2;1;0
S5RPRPR11;3;1;3;1;0
S5RPRPR11;3;1;8;1;0
S5RPRPR11;3;2;1;1;0
S5RPRPR11;3;2;2;1;0
S5RPRPR11;3;2;3;1;0
S5RPRPR11;3;2;8;1;0
S5RPRPR11;3;3;1;1;0
S5RPRPR11;3;3;2;1;0
S5RPRPR11;3;3;3;1;0
S5RPRPR11;3;3;8;1;0
S5RPRPR11;3;4;1;1;0
S5RPRPR11;3;4;2;1;0
S5RPRPR11;3;4;3;1;0
S5RPRPR11;3;4;8;1;0
S5RPRPR11;3;9;1;1;0
S5RPRPR11;3;9;2;1;0
S5RPRPR11;3;9;3;1;0
S5RPRPR11;3;9;8;1;0
S5RPRPR12;3;1;1;1;0
S5RPRPR12;3;1;2;1;0
S5RPRPR12;3;1;3;1;0
S5RPRPR12;3;1;8;1;0
S5RPRPR12;3;2;1;1;0
S5RPRPR12;3;2;2;1;0
S5RPRPR12;3;2;3;1;0
S5RPRPR12;3;2;8;1;0
S5RPRPR12;3;3;1;1;0
S5RPRPR12;3;3;2;1;0
S5RPRPR12;3;3;3;1;0
S5RPRPR12;3;3;8;1;0
S5RPRPR12;3;4;1;1;0
S5RPRPR12;3;4;2;1;0
S5RPRPR12;3;4;3;1;0
S5RPRPR12;3;4;8;1;0
S5RPRPR12;3;9;1;1;0
S5RPRPR12;3;9;2;1;0
S5RPRPR12;3;9;3;1;0
S5RPRPR12;3;9;8;1;0
S5RPRPR13;3;1;1;1;0
S5RPRPR13;3;1;2;1;0
S5RPRPR13;3;1;3;1;0
S5RPRPR13;3;1;8;1;0
S5RPRPR13;3;2;1;1;0
S5RPRPR13;3;2;2;1;0
S5RPRPR13;3;2;3;1;0
S5RPRPR13;3;2;8;1;0
S5RPRPR13;3;3;1;1;0
S5RPRPR13;3;3;2;1;0
S5RPRPR13;3;3;3;1;0
S5RPRPR13;3;3;8;1;0
S5RPRPR13;3;4;1;1;0
S5RPRPR13;3;4;2;1;0
S5RPRPR13;3;4;3;1;0
S5RPRPR13;3;4;8;1;0
S5RPRPR13;3;9;1;1;0
S5RPRPR13;3;9;2;1;0
S5RPRPR13;3;9;3;1;0
S5RPRPR13;3;9;8;1;0
S5RPRPR14;3;1;1;1;0
S5RPRPR14;3;1;2;1;0
S5RPRPR14;3;1;3;1;0
S5RPRPR14;3;1;8;1;0
S5RPRPR14;3;2;1;1;0
S5RPRPR14;3;2;2;1;0
S5RPRPR14;3;2;3;1;0
S5RPRPR14;3;2;8;1;0
S5RPRPR14;3;3;1;1;0
S5RPRPR14;3;3;2;1;0
S5RPRPR14;3;3;3;1;0
S5RPRPR14;3;3;8;1;0
S5RPRPR14;3;4;1;1;0
S5RPRPR14;3;4;2;1;0
S5RPRPR14;3;4;3;1;0
S5RPRPR14;3;4;8;1;0
S5RPRPR14;3;9;1;1;0
S5RPRPR14;3;9;2;1;0
S5RPRPR14;3;9;3;1;0
S5RPRPR14;3;9;8;1;0
S5RPRPR15;3;1;1;1;0
S5RPRPR15;3;1;2;1;0
S5RPRPR15;3;1;3;1;0
S5RPRPR15;3;1;8;1;0
S5RPRPR15;3;2;1;1;0
S5RPRPR15;3;2;2;1;0
S5RPRPR15;3;2;3;1;0
S5RPRPR15;3;2;8;1;0
S5RPRPR15;3;3;1;1;0
S5RPRPR15;3;3;2;1;0
S5RPRPR15;3;3;3;1;0
S5RPRPR15;3;3;8;1;0
S5RPRPR15;3;4;1;1;0
S5RPRPR15;3;4;2;1;0
S5RPRPR15;3;4;3;1;0
S5RPRPR15;3;4;8;1;0
S5RPRPR15;3;9;1;1;0
S5RPRPR15;3;9;2;1;0
S5RPRPR15;3;9;3;1;0
S5RPRPR15;3;9;8;1;0
S5RPRPR16;3;1;1;1;0
S5RPRPR16;3;1;2;1;0
S5RPRPR16;3;1;3;1;0
S5RPRPR16;3;2;1;1;0
S5RPRPR16;3;2;2;1;0
S5RPRPR16;3;2;3;1;0
S5RPRPR16;3;3;1;1;0
S5RPRPR16;3;3;2;1;0
S5RPRPR16;3;3;3;1;0
S5RPRPR16;3;4;1;1;0
S5RPRPR16;3;4;2;1;0
S5RPRPR16;3;4;3;1;0
S5RPRPR2;3;1;1;1;0
S5RPRPR2;3;1;2;1;0
S5RPRPR2;3;1;3;1;0
S5RPRPR2;3;1;8;1;0
S5RPRPR2;3;2;1;1;0
S5RPRPR2;3;2;2;1;0
S5RPRPR2;3;2;3;1;0
S5RPRPR2;3;2;8;1;0
S5RPRPR2;3;3;1;1;0
S5RPRPR2;3;3;2;1;0
S5RPRPR2;3;3;3;1;0
S5RPRPR2;3;3;8;1;0
S5RPRPR2;3;4;1;1;0
S5RPRPR2;3;4;2;1;0
S5RPRPR2;3;4;3;1;0
S5RPRPR2;3;4;8;1;0
S5RPRPR2;3;9;1;1;0
S5RPRPR2;3;9;2;1;0
S5RPRPR2;3;9;3;1;0
S5RPRPR2;3;9;8;1;0
S5RPRPR3;3;1;1;1;0
S5RPRPR3;3;1;2;1;0
S5RPRPR3;3;1;3;1;0
S5RPRPR3;3;1;8;1;0
S5RPRPR3;3;2;1;1;0
S5RPRPR3;3;2;2;1;0
S5RPRPR3;3;2;3;1;0
S5RPRPR3;3;2;8;1;0
S5RPRPR3;3;3;1;1;0
S5RPRPR3;3;3;2;1;0
S5RPRPR3;3;3;3;1;0
S5RPRPR3;3;3;8;1;0
S5RPRPR3;3;4;1;1;0
S5RPRPR3;3;4;2;1;0
S5RPRPR3;3;4;3;1;0
S5RPRPR3;3;4;8;1;0
S5RPRPR3;3;9;1;1;0
S5RPRPR3;3;9;2;1;0
S5RPRPR3;3;9;3;1;0
S5RPRPR3;3;9;8;1;0
S5RPRPR4;3;1;1;1;0
S5RPRPR4;3;1;2;1;0
S5RPRPR4;3;1;3;1;0
S5RPRPR4;3;1;8;1;0
S5RPRPR4;3;2;1;1;0
S5RPRPR4;3;2;2;1;0
S5RPRPR4;3;2;3;1;0
S5RPRPR4;3;2;8;1;0
S5RPRPR4;3;3;1;1;0
S5RPRPR4;3;3;2;1;0
S5RPRPR4;3;3;3;1;0
S5RPRPR4;3;3;8;1;0
S5RPRPR4;3;4;1;1;0
S5RPRPR4;3;4;2;1;0
S5RPRPR4;3;4;3;1;0
S5RPRPR4;3;4;8;1;0
S5RPRPR4;3;9;1;1;0
S5RPRPR4;3;9;2;1;0
S5RPRPR4;3;9;3;1;0
S5RPRPR4;3;9;8;1;0
S5RPRPR5;3;1;1;1;0
S5RPRPR5;3;1;2;1;0
S5RPRPR5;3;1;3;1;0
S5RPRPR5;3;1;8;1;0
S5RPRPR5;3;2;1;1;0
S5RPRPR5;3;2;2;1;0
S5RPRPR5;3;2;3;1;0
S5RPRPR5;3;2;8;1;0
S5RPRPR5;3;3;1;1;0
S5RPRPR5;3;3;2;1;0
S5RPRPR5;3;3;3;1;0
S5RPRPR5;3;3;8;1;0
S5RPRPR5;3;4;1;1;0
S5RPRPR5;3;4;2;1;0
S5RPRPR5;3;4;3;1;0
S5RPRPR5;3;4;8;1;0
S5RPRPR5;3;9;1;1;0
S5RPRPR5;3;9;2;1;0
S5RPRPR5;3;9;3;1;0
S5RPRPR5;3;9;8;1;0
S5RPRPR6;3;1;1;1;0
S5RPRPR6;3;1;2;1;0
S5RPRPR6;3;1;3;1;0
S5RPRPR6;3;1;8;1;0
S5RPRPR6;3;2;1;1;0
S5RPRPR6;3;2;2;1;0
S5RPRPR6;3;2;3;1;0
S5RPRPR6;3;2;8;1;0
S5RPRPR6;3;3;1;1;0
S5RPRPR6;3;3;2;1;0
S5RPRPR6;3;3;3;1;0
S5RPRPR6;3;3;8;1;0
S5RPRPR6;3;4;1;1;0
S5RPRPR6;3;4;2;1;0
S5RPRPR6;3;4;3;1;0
S5RPRPR6;3;4;8;1;0
S5RPRPR6;3;9;1;1;0
S5RPRPR6;3;9;2;1;0
S5RPRPR6;3;9;3;1;0
S5RPRPR6;3;9;8;1;0
S5RPRPR7;3;1;1;1;0
S5RPRPR7;3;1;2;1;0
S5RPRPR7;3;1;3;1;0
S5RPRPR7;3;1;8;1;0
S5RPRPR7;3;2;1;1;0
S5RPRPR7;3;2;2;1;0
S5RPRPR7;3;2;3;1;0
S5RPRPR7;3;2;8;1;0
S5RPRPR7;3;3;1;1;0
S5RPRPR7;3;3;2;1;0
S5RPRPR7;3;3;3;1;0
S5RPRPR7;3;3;8;1;0
S5RPRPR7;3;4;1;1;0
S5RPRPR7;3;4;2;1;0
S5RPRPR7;3;4;3;1;0
S5RPRPR7;3;4;8;1;0
S5RPRPR7;3;9;1;1;0
S5RPRPR7;3;9;2;1;0
S5RPRPR7;3;9;3;1;0
S5RPRPR7;3;9;8;1;0
S5RPRPR8;3;1;1;1;0
S5RPRPR8;3;1;2;1;0
S5RPRPR8;3;1;3;1;0
S5RPRPR8;3;1;8;1;0
S5RPRPR8;3;2;1;1;0
S5RPRPR8;3;2;2;1;0
S5RPRPR8;3;2;3;1;0
S5RPRPR8;3;2;8;1;0
S5RPRPR8;3;3;1;1;0
S5RPRPR8;3;3;2;1;0
S5RPRPR8;3;3;3;1;0
S5RPRPR8;3;3;8;1;0
S5RPRPR8;3;4;1;1;0
S5RPRPR8;3;4;2;1;0
S5RPRPR8;3;4;3;1;0
S5RPRPR8;3;4;8;1;0
S5RPRPR8;3;9;1;1;0
S5RPRPR8;3;9;2;1;0
S5RPRPR8;3;9;3;1;0
S5RPRPR8;3;9;8;1;0
S5RPRPR9;3;1;1;1;0
S5RPRPR9;3;1;2;1;0
S5RPRPR9;3;1;3;1;0
S5RPRPR9;3;1;8;1;0
S5RPRPR9;3;2;1;1;0
S5RPRPR9;3;2;2;1;0
S5RPRPR9;3;2;3;1;0
S5RPRPR9;3;2;8;1;0
S5RPRPR9;3;3;1;1;0
S5RPRPR9;3;3;2;1;0
S5RPRPR9;3;3;3;1;0
S5RPRPR9;3;3;8;1;0
S5RPRPR9;3;4;1;1;0
S5RPRPR9;3;4;2;1;0
S5RPRPR9;3;4;3;1;0
S5RPRPR9;3;4;8;1;0
S5RPRPR9;3;9;1;1;0
S5RPRPR9;3;9;2;1;0
S5RPRPR9;3;9;3;1;0
S5RPRPR9;3;9;8;1;0
S5RPRRP1;3;1;1;1;0
S5RPRRP1;3;1;2;1;0
S5RPRRP1;3;1;3;1;0
S5RPRRP1;3;2;1;1;0
S5RPRRP1;3;2;2;1;0
S5RPRRP1;3;2;3;1;0
S5RPRRP1;3;3;1;1;0
S5RPRRP1;3;3;2;1;0
S5RPRRP1;3;3;3;1;0
S5RPRRP1;3;4;1;1;0
S5RPRRP1;3;4;2;1;0
S5RPRRP1;3;4;3;1;0
S5RPRRP10;3;1;1;1;0
S5RPRRP10;3;1;2;1;0
S5RPRRP10;3;1;3;1;0
S5RPRRP10;3;1;8;1;0
S5RPRRP10;3;2;1;1;0
S5RPRRP10;3;2;2;1;0
S5RPRRP10;3;2;3;1;0
S5RPRRP10;3;2;8;1;0
S5RPRRP10;3;3;1;1;0
S5RPRRP10;3;3;2;1;0
S5RPRRP10;3;3;3;1;0
S5RPRRP10;3;3;8;1;0
S5RPRRP10;3;4;1;1;0
S5RPRRP10;3;4;2;1;0
S5RPRRP10;3;4;3;1;0
S5RPRRP10;3;4;8;1;0
S5RPRRP10;3;9;1;1;0
S5RPRRP10;3;9;2;1;0
S5RPRRP10;3;9;3;1;0
S5RPRRP10;3;9;8;1;0
S5RPRRP11;3;1;1;1;0
S5RPRRP11;3;1;2;1;0
S5RPRRP11;3;1;3;1;0
S5RPRRP11;3;1;8;1;0
S5RPRRP11;3;2;1;1;0
S5RPRRP11;3;2;2;1;0
S5RPRRP11;3;2;3;1;0
S5RPRRP11;3;2;8;1;0
S5RPRRP11;3;3;1;1;0
S5RPRRP11;3;3;2;1;0
S5RPRRP11;3;3;3;1;0
S5RPRRP11;3;3;8;1;0
S5RPRRP11;3;4;1;1;0
S5RPRRP11;3;4;2;1;0
S5RPRRP11;3;4;3;1;0
S5RPRRP11;3;4;8;1;0
S5RPRRP11;3;9;1;1;0
S5RPRRP11;3;9;2;1;0
S5RPRRP11;3;9;3;1;0
S5RPRRP11;3;9;8;1;0
S5RPRRP12;3;1;1;1;0
S5RPRRP12;3;1;2;1;0
S5RPRRP12;3;1;3;1;0
S5RPRRP12;3;2;1;1;0
S5RPRRP12;3;2;2;1;0
S5RPRRP12;3;2;3;1;0
S5RPRRP12;3;3;1;1;0
S5RPRRP12;3;3;2;1;0
S5RPRRP12;3;3;3;1;0
S5RPRRP12;3;4;1;1;0
S5RPRRP12;3;4;2;1;0
S5RPRRP12;3;4;3;1;0
S5RPRRP13;3;1;1;1;0
S5RPRRP13;3;1;2;1;0
S5RPRRP13;3;1;3;1;0
S5RPRRP13;3;2;1;1;0
S5RPRRP13;3;2;2;1;0
S5RPRRP13;3;2;3;1;0
S5RPRRP13;3;3;1;1;0
S5RPRRP13;3;3;2;1;0
S5RPRRP13;3;3;3;1;0
S5RPRRP13;3;4;1;1;0
S5RPRRP13;3;4;2;1;0
S5RPRRP13;3;4;3;1;0
S5RPRRP2;3;1;1;1;0
S5RPRRP2;3;1;2;1;0
S5RPRRP2;3;1;3;1;0
S5RPRRP2;3;1;8;1;0
S5RPRRP2;3;2;1;1;0
S5RPRRP2;3;2;2;1;0
S5RPRRP2;3;2;3;1;0
S5RPRRP2;3;2;8;1;0
S5RPRRP2;3;3;1;1;0
S5RPRRP2;3;3;2;1;0
S5RPRRP2;3;3;3;1;0
S5RPRRP2;3;3;8;1;0
S5RPRRP2;3;4;1;1;0
S5RPRRP2;3;4;2;1;0
S5RPRRP2;3;4;3;1;0
S5RPRRP2;3;4;8;1;0
S5RPRRP2;3;9;1;1;0
S5RPRRP2;3;9;2;1;0
S5RPRRP2;3;9;3;1;0
S5RPRRP2;3;9;8;1;0
S5RPRRP3;3;1;1;1;0
S5RPRRP3;3;1;2;1;0
S5RPRRP3;3;1;3;1;0
S5RPRRP3;3;1;8;1;0
S5RPRRP3;3;2;1;1;0
S5RPRRP3;3;2;2;1;0
S5RPRRP3;3;2;3;1;0
S5RPRRP3;3;2;8;1;0
S5RPRRP3;3;3;1;1;0
S5RPRRP3;3;3;2;1;0
S5RPRRP3;3;3;3;1;0
S5RPRRP3;3;3;8;1;0
S5RPRRP3;3;4;1;1;0
S5RPRRP3;3;4;2;1;0
S5RPRRP3;3;4;3;1;0
S5RPRRP3;3;4;8;1;0
S5RPRRP3;3;9;1;1;0
S5RPRRP3;3;9;2;1;0
S5RPRRP3;3;9;3;1;0
S5RPRRP3;3;9;8;1;0
S5RPRRP4;3;1;1;1;0
S5RPRRP4;3;1;2;1;0
S5RPRRP4;3;1;3;1;0
S5RPRRP4;3;1;8;1;0
S5RPRRP4;3;2;1;1;0
S5RPRRP4;3;2;2;1;0
S5RPRRP4;3;2;3;1;0
S5RPRRP4;3;2;8;1;0
S5RPRRP4;3;3;1;1;0
S5RPRRP4;3;3;2;1;0
S5RPRRP4;3;3;3;1;0
S5RPRRP4;3;3;8;1;0
S5RPRRP4;3;4;1;1;0
S5RPRRP4;3;4;2;1;0
S5RPRRP4;3;4;3;1;0
S5RPRRP4;3;4;8;1;0
S5RPRRP4;3;9;1;1;0
S5RPRRP4;3;9;2;1;0
S5RPRRP4;3;9;3;1;0
S5RPRRP4;3;9;8;1;0
S5RPRRP5;3;1;1;1;0
S5RPRRP5;3;1;2;1;0
S5RPRRP5;3;1;3;1;0
S5RPRRP5;3;1;8;1;0
S5RPRRP5;3;2;1;1;0
S5RPRRP5;3;2;2;1;0
S5RPRRP5;3;2;3;1;0
S5RPRRP5;3;2;8;1;0
S5RPRRP5;3;3;1;1;0
S5RPRRP5;3;3;2;1;0
S5RPRRP5;3;3;3;1;0
S5RPRRP5;3;3;8;1;0
S5RPRRP5;3;4;1;1;0
S5RPRRP5;3;4;2;1;0
S5RPRRP5;3;4;3;1;0
S5RPRRP5;3;4;8;1;0
S5RPRRP5;3;9;1;1;0
S5RPRRP5;3;9;2;1;0
S5RPRRP5;3;9;3;1;0
S5RPRRP5;3;9;8;1;0
S5RPRRP6;3;1;1;1;0
S5RPRRP6;3;1;2;1;0
S5RPRRP6;3;1;3;1;0
S5RPRRP6;3;1;8;1;0
S5RPRRP6;3;2;1;1;0
S5RPRRP6;3;2;2;1;0
S5RPRRP6;3;2;3;1;0
S5RPRRP6;3;2;8;1;0
S5RPRRP6;3;3;1;1;0
S5RPRRP6;3;3;2;1;0
S5RPRRP6;3;3;3;1;0
S5RPRRP6;3;3;8;1;0
S5RPRRP6;3;4;1;1;0
S5RPRRP6;3;4;2;1;0
S5RPRRP6;3;4;3;1;0
S5RPRRP6;3;4;8;1;0
S5RPRRP6;3;9;1;1;0
S5RPRRP6;3;9;2;1;0
S5RPRRP6;3;9;3;1;0
S5RPRRP6;3;9;8;1;0
S5RPRRP7;3;1;1;1;0
S5RPRRP7;3;1;2;1;0
S5RPRRP7;3;1;3;1;0
S5RPRRP7;3;1;8;1;0
S5RPRRP7;3;2;1;1;0
S5RPRRP7;3;2;2;1;0
S5RPRRP7;3;2;3;1;0
S5RPRRP7;3;2;8;1;0
S5RPRRP7;3;3;1;1;0
S5RPRRP7;3;3;2;1;0
S5RPRRP7;3;3;3;1;0
S5RPRRP7;3;3;8;1;0
S5RPRRP7;3;4;1;1;0
S5RPRRP7;3;4;2;1;0
S5RPRRP7;3;4;3;1;0
S5RPRRP7;3;4;8;1;0
S5RPRRP7;3;9;1;1;0
S5RPRRP7;3;9;2;1;0
S5RPRRP7;3;9;3;1;0
S5RPRRP7;3;9;8;1;0
S5RPRRP8;3;1;1;1;0
S5RPRRP8;3;1;2;1;0
S5RPRRP8;3;1;3;1;0
S5RPRRP8;3;2;1;1;0
S5RPRRP8;3;2;2;1;0
S5RPRRP8;3;2;3;1;0
S5RPRRP8;3;3;1;1;0
S5RPRRP8;3;3;2;1;0
S5RPRRP8;3;3;3;1;0
S5RPRRP8;3;4;1;1;0
S5RPRRP8;3;4;2;1;0
S5RPRRP8;3;4;3;1;0
S5RPRRP9;3;1;1;1;0
S5RPRRP9;3;1;2;1;0
S5RPRRP9;3;1;3;1;0
S5RPRRP9;3;1;8;1;0
S5RPRRP9;3;2;1;1;0
S5RPRRP9;3;2;2;1;0
S5RPRRP9;3;2;3;1;0
S5RPRRP9;3;2;8;1;0
S5RPRRP9;3;3;1;1;0
S5RPRRP9;3;3;2;1;0
S5RPRRP9;3;3;3;1;0
S5RPRRP9;3;3;8;1;0
S5RPRRP9;3;4;1;1;0
S5RPRRP9;3;4;2;1;0
S5RPRRP9;3;4;3;1;0
S5RPRRP9;3;4;8;1;0
S5RPRRP9;3;9;1;1;0
S5RPRRP9;3;9;2;1;0
S5RPRRP9;3;9;3;1;0
S5RPRRP9;3;9;8;1;0
S5RPRRR10;3;1;1;3;0
S5RPRRR10;3;1;2;3;0
S5RPRRR10;3;1;3;3;0
S5RPRRR10;3;1;8;3;0
S5RPRRR10;3;2;1;3;0
S5RPRRR10;3;2;2;3;0
S5RPRRR10;3;2;3;3;0
S5RPRRR10;3;2;8;3;0
S5RPRRR10;3;3;1;3;0
S5RPRRR10;3;3;2;3;0
S5RPRRR10;3;3;3;3;0
S5RPRRR10;3;3;8;3;0
S5RPRRR10;3;4;1;3;0
S5RPRRR10;3;4;2;3;0
S5RPRRR10;3;4;3;3;0
S5RPRRR10;3;4;8;3;0
S5RPRRR10;3;9;1;3;0
S5RPRRR10;3;9;2;3;0
S5RPRRR10;3;9;3;3;0
S5RPRRR10;3;9;8;3;0
S5RPRRR12;3;1;1;0;1
S5RPRRR12;3;1;2;3;0
S5RPRRR12;3;1;3;3;0
S5RPRRR12;3;2;1;3;0
S5RPRRR12;3;2;2;0;1
S5RPRRR12;3;2;3;3;0
S5RPRRR12;3;3;1;3;0
S5RPRRR12;3;3;2;3;0
S5RPRRR12;3;3;3;0;1
S5RPRRR12;3;4;1;3;0
S5RPRRR12;3;4;2;3;0
S5RPRRR12;3;4;3;3;0
S5RPRRR13;3;1;1;3;0
S5RPRRR13;3;1;2;3;0
S5RPRRR13;3;1;3;3;0
S5RPRRR13;3;2;1;3;0
S5RPRRR13;3;2;2;3;0
S5RPRRR13;3;2;3;3;0
S5RPRRR13;3;3;1;3;0
S5RPRRR13;3;3;2;3;0
S5RPRRR13;3;3;3;3;0
S5RPRRR13;3;4;1;3;0
S5RPRRR13;3;4;2;3;0
S5RPRRR13;3;4;3;3;0
S5RPRRR14;3;1;1;0;0
S5RPRRR14;3;1;2;3;0
S5RPRRR14;3;1;3;3;0
S5RPRRR14;3;1;8;3;0
S5RPRRR14;3;2;1;3;0
S5RPRRR14;3;2;2;0;0
S5RPRRR14;3;2;3;3;0
S5RPRRR14;3;2;8;3;0
S5RPRRR14;3;3;1;3;0
S5RPRRR14;3;3;2;3;0
S5RPRRR14;3;3;3;0;0
S5RPRRR14;3;3;8;3;0
S5RPRRR14;3;4;1;3;0
S5RPRRR14;3;4;2;3;0
S5RPRRR14;3;4;3;3;0
S5RPRRR14;3;4;8;3;0
S5RPRRR14;3;9;1;3;0
S5RPRRR14;3;9;2;3;0
S5RPRRR14;3;9;3;3;0
S5RPRRR14;3;9;8;3;0
S5RPRRR2;3;1;1;3;0
S5RPRRR2;3;1;2;0;0
S5RPRRR2;3;1;3;0;0
S5RPRRR2;3;1;8;0;0
S5RPRRR2;3;2;1;0;0
S5RPRRR2;3;2;2;3;0
S5RPRRR2;3;2;3;0;0
S5RPRRR2;3;2;8;3;0
S5RPRRR2;3;3;1;0;0
S5RPRRR2;3;3;2;0;0
S5RPRRR2;3;3;3;3;0
S5RPRRR2;3;3;8;3;0
S5RPRRR2;3;4;1;3;0
S5RPRRR2;3;4;2;0;0
S5RPRRR2;3;4;3;3;0
S5RPRRR2;3;4;8;3;0
S5RPRRR2;3;9;1;0;0
S5RPRRR2;3;9;2;3;0
S5RPRRR2;3;9;3;3;0
S5RPRRR2;3;9;8;0;0
S5RPRRR4;3;1;1;0;0
S5RPRRR4;3;1;2;3;0
S5RPRRR4;3;1;3;0;0
S5RPRRR4;3;1;8;3;0
S5RPRRR4;3;2;1;3;0
S5RPRRR4;3;2;2;0;0
S5RPRRR4;3;2;3;0;0
S5RPRRR4;3;2;8;0;0
S5RPRRR4;3;3;1;0;0
S5RPRRR4;3;3;2;3;0
S5RPRRR4;3;3;3;0;0
S5RPRRR4;3;3;8;3;0
S5RPRRR4;3;4;1;0;0
S5RPRRR4;3;4;2;3;0
S5RPRRR4;3;4;3;0;0
S5RPRRR4;3;4;8;3;0
S5RPRRR4;3;9;1;3;0
S5RPRRR4;3;9;2;0;0
S5RPRRR4;3;9;3;0;0
S5RPRRR4;3;9;8;0;0
S5RPRRR5;3;1;1;0;1
S5RPRRR5;3;1;2;3;0
S5RPRRR5;3;1;3;0;1
S5RPRRR5;3;1;8;3;0
S5RPRRR5;3;2;1;3;0
S5RPRRR5;3;2;2;0;1
S5RPRRR5;3;2;3;0;1
S5RPRRR5;3;2;8;0;1
S5RPRRR5;3;3;1;0;1
S5RPRRR5;3;3;2;3;0
S5RPRRR5;3;3;3;0;1
S5RPRRR5;3;3;8;3;0
S5RPRRR5;3;4;1;0;1
S5RPRRR5;3;4;2;3;0
S5RPRRR5;3;4;3;0;1
S5RPRRR5;3;4;8;3;0
S5RPRRR5;3;9;1;3;0
S5RPRRR5;3;9;2;0;1
S5RPRRR5;3;9;3;0;1
S5RPRRR5;3;9;8;0;1
S5RPRRR6;3;1;1;0;1
S5RPRRR6;3;1;2;3;0
S5RPRRR6;3;1;3;3;0
S5RPRRR6;3;1;8;3;0
S5RPRRR6;3;2;1;3;0
S5RPRRR6;3;2;2;0;1
S5RPRRR6;3;2;3;3;0
S5RPRRR6;3;2;8;3;0
S5RPRRR6;3;3;1;3;0
S5RPRRR6;3;3;2;3;0
S5RPRRR6;3;3;3;0;1
S5RPRRR6;3;3;8;3;0
S5RPRRR6;3;4;1;3;0
S5RPRRR6;3;4;2;3;0
S5RPRRR6;3;4;3;3;0
S5RPRRR6;3;4;8;3;0
S5RPRRR6;3;9;1;3;0
S5RPRRR6;3;9;2;3;0
S5RPRRR6;3;9;3;3;0
S5RPRRR6;3;9;8;3;0
S5RPRRR7;3;1;1;0;0
S5RPRRR7;3;1;2;3;0
S5RPRRR7;3;1;3;3;0
S5RPRRR7;3;1;8;3;0
S5RPRRR7;3;2;1;3;0
S5RPRRR7;3;2;2;0;0
S5RPRRR7;3;2;3;3;0
S5RPRRR7;3;2;8;3;0
S5RPRRR7;3;3;1;3;0
S5RPRRR7;3;3;2;3;0
S5RPRRR7;3;3;3;0;0
S5RPRRR7;3;3;8;3;0
S5RPRRR7;3;4;1;3;0
S5RPRRR7;3;4;2;3;0
S5RPRRR7;3;4;3;3;0
S5RPRRR7;3;4;8;3;0
S5RPRRR7;3;9;1;3;0
S5RPRRR7;3;9;2;3;0
S5RPRRR7;3;9;3;3;0
S5RPRRR7;3;9;8;3;0
S5RPRRR8;3;1;1;3;0
S5RPRRR8;3;1;2;0;1
S5RPRRR8;3;1;3;0;1
S5RPRRR8;3;2;1;2;0
S5RPRRR8;3;2;2;3;0
S5RPRRR8;3;2;3;0;1
S5RPRRR8;3;3;1;2;0
S5RPRRR8;3;3;2;0;1
S5RPRRR8;3;3;3;3;0
S5RPRRR8;3;4;1;2;0
S5RPRRR8;3;4;2;2;0
S5RPRRR8;3;4;3;2;0
S5RPRRR9;3;1;1;0;1
S5RPRRR9;3;1;2;3;0
S5RPRRR9;3;1;3;3;0
S5RPRRR9;3;1;8;3;0
S5RPRRR9;3;2;1;3;0
S5RPRRR9;3;2;2;0;1
S5RPRRR9;3;2;3;3;0
S5RPRRR9;3;2;8;3;0
S5RPRRR9;3;3;1;3;0
S5RPRRR9;3;3;2;3;0
S5RPRRR9;3;3;3;0;1
S5RPRRR9;3;3;8;3;0
S5RPRRR9;3;4;1;3;0
S5RPRRR9;3;4;2;3;0
S5RPRRR9;3;4;3;3;0
S5RPRRR9;3;4;8;3;0
S5RPRRR9;3;9;1;3;0
S5RPRRR9;3;9;2;3;0
S5RPRRR9;3;9;3;3;0
S5RPRRR9;3;9;8;3;0
S5RRPPP1;3;1;1;1;0
S5RRPPP1;3;1;2;1;0
S5RRPPP1;3;1;3;1;0
S5RRPPP1;3;1;8;1;0
S5RRPPP1;3;2;1;1;0
S5RRPPP1;3;2;2;1;0
S5RRPPP1;3;2;3;1;0
S5RRPPP1;3;2;8;1;0
S5RRPPP1;3;3;1;1;0
S5RRPPP1;3;3;2;1;0
S5RRPPP1;3;3;3;1;0
S5RRPPP1;3;3;8;1;0
S5RRPPP1;3;4;1;1;0
S5RRPPP1;3;4;2;1;0
S5RRPPP1;3;4;3;1;0
S5RRPPP1;3;4;8;1;0
S5RRPPP1;3;9;1;1;0
S5RRPPP1;3;9;2;1;0
S5RRPPP1;3;9;3;1;0
S5RRPPP1;3;9;8;1;0
S5RRPPR1;3;1;1;1;0
S5RRPPR1;3;1;2;1;0
S5RRPPR1;3;1;3;1;0
S5RRPPR1;3;1;8;1;0
S5RRPPR1;3;2;1;1;0
S5RRPPR1;3;2;2;1;0
S5RRPPR1;3;2;3;1;0
S5RRPPR1;3;2;8;1;0
S5RRPPR1;3;3;1;1;0
S5RRPPR1;3;3;2;1;0
S5RRPPR1;3;3;3;1;0
S5RRPPR1;3;3;8;1;0
S5RRPPR1;3;4;1;1;0
S5RRPPR1;3;4;2;1;0
S5RRPPR1;3;4;3;1;0
S5RRPPR1;3;4;8;1;0
S5RRPPR1;3;9;1;1;0
S5RRPPR1;3;9;2;1;0
S5RRPPR1;3;9;3;1;0
S5RRPPR1;3;9;8;1;0
S5RRPPR10;3;1;1;1;0
S5RRPPR10;3;1;2;1;0
S5RRPPR10;3;1;3;1;0
S5RRPPR10;3;1;8;1;0
S5RRPPR10;3;2;1;1;0
S5RRPPR10;3;2;2;1;0
S5RRPPR10;3;2;3;1;0
S5RRPPR10;3;2;8;1;0
S5RRPPR10;3;3;1;1;0
S5RRPPR10;3;3;2;1;0
S5RRPPR10;3;3;3;1;0
S5RRPPR10;3;3;8;1;0
S5RRPPR10;3;4;1;1;0
S5RRPPR10;3;4;2;1;0
S5RRPPR10;3;4;3;1;0
S5RRPPR10;3;4;8;1;0
S5RRPPR10;3;9;1;1;0
S5RRPPR10;3;9;2;1;0
S5RRPPR10;3;9;3;1;0
S5RRPPR10;3;9;8;1;0
S5RRPPR11;3;1;1;1;0
S5RRPPR11;3;1;2;1;0
S5RRPPR11;3;1;3;1;0
S5RRPPR11;3;1;8;1;0
S5RRPPR11;3;2;1;1;0
S5RRPPR11;3;2;2;1;0
S5RRPPR11;3;2;3;1;0
S5RRPPR11;3;2;8;1;0
S5RRPPR11;3;3;1;1;0
S5RRPPR11;3;3;2;1;0
S5RRPPR11;3;3;3;1;0
S5RRPPR11;3;3;8;1;0
S5RRPPR11;3;4;1;1;0
S5RRPPR11;3;4;2;1;0
S5RRPPR11;3;4;3;1;0
S5RRPPR11;3;4;8;1;0
S5RRPPR11;3;9;1;1;0
S5RRPPR11;3;9;2;1;0
S5RRPPR11;3;9;3;1;0
S5RRPPR11;3;9;8;1;0
S5RRPPR2;3;1;1;1;0
S5RRPPR2;3;1;2;1;0
S5RRPPR2;3;1;3;1;0
S5RRPPR2;3;1;8;1;0
S5RRPPR2;3;2;1;1;0
S5RRPPR2;3;2;2;1;0
S5RRPPR2;3;2;3;1;0
S5RRPPR2;3;2;8;1;0
S5RRPPR2;3;3;1;1;0
S5RRPPR2;3;3;2;1;0
S5RRPPR2;3;3;3;1;0
S5RRPPR2;3;3;8;1;0
S5RRPPR2;3;4;1;1;0
S5RRPPR2;3;4;2;1;0
S5RRPPR2;3;4;3;1;0
S5RRPPR2;3;4;8;1;0
S5RRPPR2;3;9;1;1;0
S5RRPPR2;3;9;2;1;0
S5RRPPR2;3;9;3;1;0
S5RRPPR2;3;9;8;1;0
S5RRPPR3;3;1;1;1;0
S5RRPPR3;3;1;2;1;0
S5RRPPR3;3;1;3;1;0
S5RRPPR3;3;1;8;1;0
S5RRPPR3;3;2;1;1;0
S5RRPPR3;3;2;2;1;0
S5RRPPR3;3;2;3;1;0
S5RRPPR3;3;2;8;1;0
S5RRPPR3;3;3;1;1;0
S5RRPPR3;3;3;2;1;0
S5RRPPR3;3;3;3;1;0
S5RRPPR3;3;3;8;1;0
S5RRPPR3;3;4;1;1;0
S5RRPPR3;3;4;2;1;0
S5RRPPR3;3;4;3;1;0
S5RRPPR3;3;4;8;1;0
S5RRPPR3;3;9;1;1;0
S5RRPPR3;3;9;2;1;0
S5RRPPR3;3;9;3;1;0
S5RRPPR3;3;9;8;1;0
S5RRPPR4;3;1;1;1;0
S5RRPPR4;3;1;2;1;0
S5RRPPR4;3;1;3;1;0
S5RRPPR4;3;1;8;1;0
S5RRPPR4;3;2;1;1;0
S5RRPPR4;3;2;2;1;0
S5RRPPR4;3;2;3;1;0
S5RRPPR4;3;2;8;1;0
S5RRPPR4;3;3;1;1;0
S5RRPPR4;3;3;2;1;0
S5RRPPR4;3;3;3;1;0
S5RRPPR4;3;3;8;1;0
S5RRPPR4;3;4;1;1;0
S5RRPPR4;3;4;2;1;0
S5RRPPR4;3;4;3;1;0
S5RRPPR4;3;4;8;1;0
S5RRPPR4;3;9;1;1;0
S5RRPPR4;3;9;2;1;0
S5RRPPR4;3;9;3;1;0
S5RRPPR4;3;9;8;1;0
S5RRPPR5;3;1;1;1;0
S5RRPPR5;3;1;2;1;0
S5RRPPR5;3;1;3;1;0
S5RRPPR5;3;1;8;1;0
S5RRPPR5;3;2;1;1;0
S5RRPPR5;3;2;2;1;0
S5RRPPR5;3;2;3;1;0
S5RRPPR5;3;2;8;1;0
S5RRPPR5;3;3;1;1;0
S5RRPPR5;3;3;2;1;0
S5RRPPR5;3;3;3;1;0
S5RRPPR5;3;3;8;1;0
S5RRPPR5;3;4;1;1;0
S5RRPPR5;3;4;2;1;0
S5RRPPR5;3;4;3;1;0
S5RRPPR5;3;4;8;1;0
S5RRPPR5;3;9;1;1;0
S5RRPPR5;3;9;2;1;0
S5RRPPR5;3;9;3;1;0
S5RRPPR5;3;9;8;1;0
S5RRPPR6;3;1;1;1;0
S5RRPPR6;3;1;2;1;0
S5RRPPR6;3;1;3;1;0
S5RRPPR6;3;1;8;1;0
S5RRPPR6;3;2;1;1;0
S5RRPPR6;3;2;2;1;0
S5RRPPR6;3;2;3;1;0
S5RRPPR6;3;2;8;1;0
S5RRPPR6;3;3;1;1;0
S5RRPPR6;3;3;2;1;0
S5RRPPR6;3;3;3;1;0
S5RRPPR6;3;3;8;1;0
S5RRPPR6;3;4;1;1;0
S5RRPPR6;3;4;2;1;0
S5RRPPR6;3;4;3;1;0
S5RRPPR6;3;4;8;1;0
S5RRPPR6;3;9;1;1;0
S5RRPPR6;3;9;2;1;0
S5RRPPR6;3;9;3;1;0
S5RRPPR6;3;9;8;1;0
S5RRPPR7;3;1;1;1;0
S5RRPPR7;3;1;2;1;0
S5RRPPR7;3;1;3;1;0
S5RRPPR7;3;1;8;1;0
S5RRPPR7;3;2;1;1;0
S5RRPPR7;3;2;2;1;0
S5RRPPR7;3;2;3;1;0
S5RRPPR7;3;2;8;1;0
S5RRPPR7;3;3;1;1;0
S5RRPPR7;3;3;2;1;0
S5RRPPR7;3;3;3;1;0
S5RRPPR7;3;3;8;1;0
S5RRPPR7;3;4;1;1;0
S5RRPPR7;3;4;2;1;0
S5RRPPR7;3;4;3;1;0
S5RRPPR7;3;4;8;1;0
S5RRPPR7;3;9;1;1;0
S5RRPPR7;3;9;2;1;0
S5RRPPR7;3;9;3;1;0
S5RRPPR7;3;9;8;1;0
S5RRPPR8;3;1;1;1;0
S5RRPPR8;3;1;2;1;0
S5RRPPR8;3;1;3;1;0
S5RRPPR8;3;1;8;1;0
S5RRPPR8;3;2;1;1;0
S5RRPPR8;3;2;2;1;0
S5RRPPR8;3;2;3;1;0
S5RRPPR8;3;2;8;1;0
S5RRPPR8;3;3;1;1;0
S5RRPPR8;3;3;2;1;0
S5RRPPR8;3;3;3;1;0
S5RRPPR8;3;3;8;1;0
S5RRPPR8;3;4;1;1;0
S5RRPPR8;3;4;2;1;0
S5RRPPR8;3;4;3;1;0
S5RRPPR8;3;4;8;1;0
S5RRPPR8;3;9;1;1;0
S5RRPPR8;3;9;2;1;0
S5RRPPR8;3;9;3;1;0
S5RRPPR8;3;9;8;1;0
S5RRPPR9;3;1;1;1;0
S5RRPPR9;3;1;2;1;0
S5RRPPR9;3;1;3;1;0
S5RRPPR9;3;2;1;1;0
S5RRPPR9;3;2;2;1;0
S5RRPPR9;3;2;3;1;0
S5RRPPR9;3;3;1;1;0
S5RRPPR9;3;3;2;1;0
S5RRPPR9;3;3;3;1;0
S5RRPPR9;3;4;1;1;0
S5RRPPR9;3;4;2;1;0
S5RRPPR9;3;4;3;1;0
S5RRPRP1;3;1;1;1;0
S5RRPRP1;3;1;2;1;0
S5RRPRP1;3;1;3;1;0
S5RRPRP1;3;1;8;1;0
S5RRPRP1;3;2;1;1;0
S5RRPRP1;3;2;2;1;0
S5RRPRP1;3;2;3;1;0
S5RRPRP1;3;2;8;1;0
S5RRPRP1;3;3;1;1;0
S5RRPRP1;3;3;2;1;0
S5RRPRP1;3;3;3;1;0
S5RRPRP1;3;3;8;1;0
S5RRPRP1;3;4;1;1;0
S5RRPRP1;3;4;2;1;0
S5RRPRP1;3;4;3;1;0
S5RRPRP1;3;4;8;1;0
S5RRPRP1;3;9;1;1;0
S5RRPRP1;3;9;2;1;0
S5RRPRP1;3;9;3;1;0
S5RRPRP1;3;9;8;1;0
S5RRPRP10;3;1;1;1;0
S5RRPRP10;3;1;2;1;0
S5RRPRP10;3;1;3;1;0
S5RRPRP10;3;2;1;1;0
S5RRPRP10;3;2;2;1;0
S5RRPRP10;3;2;3;1;0
S5RRPRP10;3;3;1;1;0
S5RRPRP10;3;3;2;1;0
S5RRPRP10;3;3;3;1;0
S5RRPRP10;3;4;1;1;0
S5RRPRP10;3;4;2;1;0
S5RRPRP10;3;4;3;1;0
S5RRPRP11;3;1;1;1;0
S5RRPRP11;3;1;2;1;0
S5RRPRP11;3;1;3;1;0
S5RRPRP11;3;2;1;1;0
S5RRPRP11;3;2;2;1;0
S5RRPRP11;3;2;3;1;0
S5RRPRP11;3;3;1;1;0
S5RRPRP11;3;3;2;1;0
S5RRPRP11;3;3;3;1;0
S5RRPRP11;3;4;1;1;0
S5RRPRP11;3;4;2;1;0
S5RRPRP11;3;4;3;1;0
S5RRPRP2;3;1;1;1;0
S5RRPRP2;3;1;2;1;0
S5RRPRP2;3;1;3;1;0
S5RRPRP2;3;1;8;1;0
S5RRPRP2;3;2;1;1;0
S5RRPRP2;3;2;2;1;0
S5RRPRP2;3;2;3;1;0
S5RRPRP2;3;2;8;1;0
S5RRPRP2;3;3;1;1;0
S5RRPRP2;3;3;2;1;0
S5RRPRP2;3;3;3;1;0
S5RRPRP2;3;3;8;1;0
S5RRPRP2;3;4;1;1;0
S5RRPRP2;3;4;2;1;0
S5RRPRP2;3;4;3;1;0
S5RRPRP2;3;4;8;1;0
S5RRPRP2;3;9;1;1;0
S5RRPRP2;3;9;2;1;0
S5RRPRP2;3;9;3;1;0
S5RRPRP2;3;9;8;1;0
S5RRPRP3;3;1;1;1;0
S5RRPRP3;3;1;2;1;0
S5RRPRP3;3;1;3;1;0
S5RRPRP3;3;1;8;1;0
S5RRPRP3;3;2;1;1;0
S5RRPRP3;3;2;2;1;0
S5RRPRP3;3;2;3;1;0
S5RRPRP3;3;2;8;1;0
S5RRPRP3;3;3;1;1;0
S5RRPRP3;3;3;2;1;0
S5RRPRP3;3;3;3;1;0
S5RRPRP3;3;3;8;1;0
S5RRPRP3;3;4;1;1;0
S5RRPRP3;3;4;2;1;0
S5RRPRP3;3;4;3;1;0
S5RRPRP3;3;4;8;1;0
S5RRPRP3;3;9;1;1;0
S5RRPRP3;3;9;2;1;0
S5RRPRP3;3;9;3;1;0
S5RRPRP3;3;9;8;1;0
S5RRPRP4;3;1;1;1;0
S5RRPRP4;3;1;2;1;0
S5RRPRP4;3;1;3;1;0
S5RRPRP4;3;2;1;1;0
S5RRPRP4;3;2;2;1;0
S5RRPRP4;3;2;3;1;0
S5RRPRP4;3;3;1;1;0
S5RRPRP4;3;3;2;1;0
S5RRPRP4;3;3;3;1;0
S5RRPRP4;3;4;1;1;0
S5RRPRP4;3;4;2;1;0
S5RRPRP4;3;4;3;1;0
S5RRPRP5;3;1;1;1;0
S5RRPRP5;3;1;2;1;0
S5RRPRP5;3;1;3;1;0
S5RRPRP5;3;1;8;1;0
S5RRPRP5;3;2;1;1;0
S5RRPRP5;3;2;2;1;0
S5RRPRP5;3;2;3;1;0
S5RRPRP5;3;2;8;1;0
S5RRPRP5;3;3;1;1;0
S5RRPRP5;3;3;2;1;0
S5RRPRP5;3;3;3;1;0
S5RRPRP5;3;3;8;1;0
S5RRPRP5;3;4;1;1;0
S5RRPRP5;3;4;2;1;0
S5RRPRP5;3;4;3;1;0
S5RRPRP5;3;4;8;1;0
S5RRPRP5;3;9;1;1;0
S5RRPRP5;3;9;2;1;0
S5RRPRP5;3;9;3;1;0
S5RRPRP5;3;9;8;1;0
S5RRPRP6;3;1;1;1;0
S5RRPRP6;3;1;2;1;0
S5RRPRP6;3;1;3;1;0
S5RRPRP6;3;1;8;1;0
S5RRPRP6;3;2;1;1;0
S5RRPRP6;3;2;2;1;0
S5RRPRP6;3;2;3;1;0
S5RRPRP6;3;2;8;1;0
S5RRPRP6;3;3;1;1;0
S5RRPRP6;3;3;2;1;0
S5RRPRP6;3;3;3;1;0
S5RRPRP6;3;3;8;1;0
S5RRPRP6;3;4;1;1;0
S5RRPRP6;3;4;2;1;0
S5RRPRP6;3;4;3;1;0
S5RRPRP6;3;4;8;1;0
S5RRPRP6;3;9;1;1;0
S5RRPRP6;3;9;2;1;0
S5RRPRP6;3;9;3;1;0
S5RRPRP6;3;9;8;1;0
S5RRPRP7;3;1;1;1;0
S5RRPRP7;3;1;2;1;0
S5RRPRP7;3;1;3;1;0
S5RRPRP7;3;1;8;1;0
S5RRPRP7;3;2;1;1;0
S5RRPRP7;3;2;2;1;0
S5RRPRP7;3;2;3;1;0
S5RRPRP7;3;2;8;1;0
S5RRPRP7;3;3;1;1;0
S5RRPRP7;3;3;2;1;0
S5RRPRP7;3;3;3;1;0
S5RRPRP7;3;3;8;1;0
S5RRPRP7;3;4;1;1;0
S5RRPRP7;3;4;2;1;0
S5RRPRP7;3;4;3;1;0
S5RRPRP7;3;4;8;1;0
S5RRPRP7;3;9;1;1;0
S5RRPRP7;3;9;2;1;0
S5RRPRP7;3;9;3;1;0
S5RRPRP7;3;9;8;1;0
S5RRPRP8;3;1;1;1;0
S5RRPRP8;3;1;2;1;0
S5RRPRP8;3;1;3;1;0
S5RRPRP8;3;2;1;1;0
S5RRPRP8;3;2;2;1;0
S5RRPRP8;3;2;3;1;0
S5RRPRP8;3;3;1;1;0
S5RRPRP8;3;3;2;1;0
S5RRPRP8;3;3;3;1;0
S5RRPRP8;3;4;1;1;0
S5RRPRP8;3;4;2;1;0
S5RRPRP8;3;4;3;1;0
S5RRPRP9;3;1;1;1;0
S5RRPRP9;3;1;2;1;0
S5RRPRP9;3;1;3;1;0
S5RRPRP9;3;1;8;1;0
S5RRPRP9;3;2;1;1;0
S5RRPRP9;3;2;2;1;0
S5RRPRP9;3;2;3;1;0
S5RRPRP9;3;2;8;1;0
S5RRPRP9;3;3;1;1;0
S5RRPRP9;3;3;2;1;0
S5RRPRP9;3;3;3;1;0
S5RRPRP9;3;3;8;1;0
S5RRPRP9;3;4;1;1;0
S5RRPRP9;3;4;2;1;0
S5RRPRP9;3;4;3;1;0
S5RRPRP9;3;4;8;1;0
S5RRPRP9;3;9;1;1;0
S5RRPRP9;3;9;2;1;0
S5RRPRP9;3;9;3;1;0
S5RRPRP9;3;9;8;1;0
S5RRPRR1;3;1;1;3;0
S5RRPRR1;3;1;2;3;0
S5RRPRR1;3;1;3;3;0
S5RRPRR1;3;2;1;3;0
S5RRPRR1;3;2;2;0;1
S5RRPRR1;3;2;3;3;0
S5RRPRR1;3;3;1;3;0
S5RRPRR1;3;3;2;3;0
S5RRPRR1;3;3;3;3;0
S5RRPRR1;3;4;1;3;0
S5RRPRR1;3;4;2;3;0
S5RRPRR1;3;4;3;3;0
S5RRPRR10;3;1;1;0;0
S5RRPRR10;3;1;2;3;0
S5RRPRR10;3;1;3;3;0
S5RRPRR10;3;1;8;3;0
S5RRPRR10;3;2;1;3;0
S5RRPRR10;3;2;2;0;0
S5RRPRR10;3;2;3;3;0
S5RRPRR10;3;2;8;3;0
S5RRPRR10;3;3;1;3;0
S5RRPRR10;3;3;2;3;0
S5RRPRR10;3;3;3;0;0
S5RRPRR10;3;3;8;3;0
S5RRPRR10;3;4;1;3;0
S5RRPRR10;3;4;2;3;0
S5RRPRR10;3;4;3;3;0
S5RRPRR10;3;4;8;3;0
S5RRPRR10;3;9;1;3;0
S5RRPRR10;3;9;2;3;0
S5RRPRR10;3;9;3;3;0
S5RRPRR10;3;9;8;3;0
S5RRPRR12;3;1;1;0;1
S5RRPRR12;3;1;2;3;0
S5RRPRR12;3;1;3;3;0
S5RRPRR12;3;2;1;3;0
S5RRPRR12;3;2;2;0;1
S5RRPRR12;3;2;3;3;0
S5RRPRR12;3;3;1;3;0
S5RRPRR12;3;3;2;3;0
S5RRPRR12;3;3;3;0;1
S5RRPRR12;3;4;1;3;0
S5RRPRR12;3;4;2;3;0
S5RRPRR12;3;4;3;3;0
S5RRPRR13;3;1;1;0;0
S5RRPRR13;3;1;2;3;0
S5RRPRR13;3;1;3;3;0
S5RRPRR13;3;1;8;3;0
S5RRPRR13;3;2;1;3;0
S5RRPRR13;3;2;2;0;0
S5RRPRR13;3;2;3;3;0
S5RRPRR13;3;2;8;3;0
S5RRPRR13;3;3;1;3;0
S5RRPRR13;3;3;2;3;0
S5RRPRR13;3;3;3;0;0
S5RRPRR13;3;3;8;3;0
S5RRPRR13;3;4;1;3;0
S5RRPRR13;3;4;2;3;0
S5RRPRR13;3;4;3;3;0
S5RRPRR13;3;4;8;3;0
S5RRPRR13;3;9;1;3;0
S5RRPRR13;3;9;2;3;0
S5RRPRR13;3;9;3;3;0
S5RRPRR13;3;9;8;3;0
S5RRPRR14;3;1;1;3;0
S5RRPRR14;3;1;2;3;0
S5RRPRR14;3;1;3;3;0
S5RRPRR14;3;1;8;3;0
S5RRPRR14;3;2;1;3;0
S5RRPRR14;3;2;2;3;0
S5RRPRR14;3;2;3;3;0
S5RRPRR14;3;2;8;3;0
S5RRPRR14;3;3;1;3;0
S5RRPRR14;3;3;2;3;0
S5RRPRR14;3;3;3;3;0
S5RRPRR14;3;3;8;3;0
S5RRPRR14;3;4;1;3;0
S5RRPRR14;3;4;2;3;0
S5RRPRR14;3;4;3;3;0
S5RRPRR14;3;4;8;3;0
S5RRPRR14;3;9;1;3;0
S5RRPRR14;3;9;2;3;0
S5RRPRR14;3;9;3;3;0
S5RRPRR14;3;9;8;3;0
S5RRPRR15;3;1;1;3;0
S5RRPRR15;3;1;2;3;0
S5RRPRR15;3;1;3;3;0
S5RRPRR15;3;2;1;3;0
S5RRPRR15;3;2;2;3;0
S5RRPRR15;3;2;3;3;0
S5RRPRR15;3;3;1;3;0
S5RRPRR15;3;3;2;3;0
S5RRPRR15;3;3;3;3;0
S5RRPRR15;3;4;1;3;0
S5RRPRR15;3;4;2;3;0
S5RRPRR15;3;4;3;3;0
S5RRPRR16;3;1;1;3;0
S5RRPRR16;3;1;2;3;0
S5RRPRR16;3;1;3;3;0
S5RRPRR16;3;1;8;3;0
S5RRPRR16;3;2;1;3;0
S5RRPRR16;3;2;2;3;0
S5RRPRR16;3;2;3;3;0
S5RRPRR16;3;2;8;3;0
S5RRPRR16;3;3;1;3;0
S5RRPRR16;3;3;2;3;0
S5RRPRR16;3;3;3;3;0
S5RRPRR16;3;3;8;3;0
S5RRPRR16;3;4;1;3;0
S5RRPRR16;3;4;2;3;0
S5RRPRR16;3;4;3;3;0
S5RRPRR16;3;4;8;3;0
S5RRPRR16;3;9;1;3;0
S5RRPRR16;3;9;2;3;0
S5RRPRR16;3;9;3;3;0
S5RRPRR16;3;9;8;3;0
S5RRPRR2;3;1;1;3;0
S5RRPRR2;3;1;2;0;0
S5RRPRR2;3;1;3;0;0
S5RRPRR2;3;1;8;0;0
S5RRPRR2;3;2;1;0;0
S5RRPRR2;3;2;2;3;0
S5RRPRR2;3;2;3;0;0
S5RRPRR2;3;2;8;3;0
S5RRPRR2;3;3;1;0;0
S5RRPRR2;3;3;2;0;0
S5RRPRR2;3;3;3;3;0
S5RRPRR2;3;3;8;3;0
S5RRPRR2;3;4;1;3;0
S5RRPRR2;3;4;2;0;0
S5RRPRR2;3;4;3;3;0
S5RRPRR2;3;4;8;3;0
S5RRPRR2;3;9;1;0;0
S5RRPRR2;3;9;2;3;0
S5RRPRR2;3;9;3;3;0
S5RRPRR2;3;9;8;0;0
S5RRPRR3;3;1;1;0;0
S5RRPRR3;3;1;2;3;0
S5RRPRR3;3;1;3;0;0
S5RRPRR3;3;1;8;3;0
S5RRPRR3;3;2;1;3;0
S5RRPRR3;3;2;2;0;0
S5RRPRR3;3;2;3;0;0
S5RRPRR3;3;2;8;0;0
S5RRPRR3;3;3;1;0;0
S5RRPRR3;3;3;2;3;0
S5RRPRR3;3;3;3;0;0
S5RRPRR3;3;3;8;3;0
S5RRPRR3;3;4;1;0;0
S5RRPRR3;3;4;2;3;0
S5RRPRR3;3;4;3;0;0
S5RRPRR3;3;4;8;3;0
S5RRPRR3;3;9;1;3;0
S5RRPRR3;3;9;2;0;0
S5RRPRR3;3;9;3;0;0
S5RRPRR3;3;9;8;0;0
S5RRPRR4;3;1;1;0;1
S5RRPRR4;3;1;2;3;0
S5RRPRR4;3;1;3;0;1
S5RRPRR4;3;1;8;3;0
S5RRPRR4;3;2;1;3;0
S5RRPRR4;3;2;2;0;1
S5RRPRR4;3;2;3;0;1
S5RRPRR4;3;2;8;0;1
S5RRPRR4;3;3;1;0;1
S5RRPRR4;3;3;2;3;0
S5RRPRR4;3;3;3;0;1
S5RRPRR4;3;3;8;3;0
S5RRPRR4;3;4;1;0;1
S5RRPRR4;3;4;2;3;0
S5RRPRR4;3;4;3;0;1
S5RRPRR4;3;4;8;3;0
S5RRPRR4;3;9;1;3;0
S5RRPRR4;3;9;2;0;1
S5RRPRR4;3;9;3;0;1
S5RRPRR4;3;9;8;0;1
S5RRPRR5;3;1;1;0;1
S5RRPRR5;3;1;2;3;0
S5RRPRR5;3;1;3;0;1
S5RRPRR5;3;1;8;3;0
S5RRPRR5;3;2;1;3;0
S5RRPRR5;3;2;2;0;1
S5RRPRR5;3;2;3;0;1
S5RRPRR5;3;2;8;0;0
S5RRPRR5;3;3;1;0;1
S5RRPRR5;3;3;2;3;0
S5RRPRR5;3;3;3;0;1
S5RRPRR5;3;3;8;3;0
S5RRPRR5;3;4;1;0;1
S5RRPRR5;3;4;2;3;0
S5RRPRR5;3;4;3;0;1
S5RRPRR5;3;4;8;3;0
S5RRPRR5;3;9;1;3;0
S5RRPRR5;3;9;2;0;1
S5RRPRR5;3;9;3;0;1
S5RRPRR5;3;9;8;0;0
S5RRPRR6;3;1;1;0;1
S5RRPRR6;3;1;2;3;0
S5RRPRR6;3;1;3;0;1
S5RRPRR6;3;1;8;3;0
S5RRPRR6;3;2;1;3;0
S5RRPRR6;3;2;2;0;1
S5RRPRR6;3;2;3;0;1
S5RRPRR6;3;2;8;0;0
S5RRPRR6;3;3;1;0;1
S5RRPRR6;3;3;2;3;0
S5RRPRR6;3;3;3;0;1
S5RRPRR6;3;3;8;3;0
S5RRPRR6;3;4;1;0;1
S5RRPRR6;3;4;2;3;0
S5RRPRR6;3;4;3;0;1
S5RRPRR6;3;4;8;3;0
S5RRPRR6;3;9;1;3;0
S5RRPRR6;3;9;2;0;1
S5RRPRR6;3;9;3;0;1
S5RRPRR6;3;9;8;0;0
S5RRPRR7;3;1;1;3;0
S5RRPRR7;3;1;2;0;1
S5RRPRR7;3;1;3;0;1
S5RRPRR7;3;2;1;2;0
S5RRPRR7;3;2;2;3;0
S5RRPRR7;3;2;3;0;1
S5RRPRR7;3;3;1;2;0
S5RRPRR7;3;3;2;0;1
S5RRPRR7;3;3;3;3;0
S5RRPRR7;3;4;1;2;0
S5RRPRR7;3;4;2;2;0
S5RRPRR7;3;4;3;2;0
S5RRPRR8;3;1;1;0;1
S5RRPRR8;3;1;2;3;0
S5RRPRR8;3;1;3;3;0
S5RRPRR8;3;1;8;3;0
S5RRPRR8;3;2;1;3;0
S5RRPRR8;3;2;2;0;1
S5RRPRR8;3;2;3;3;0
S5RRPRR8;3;2;8;3;0
S5RRPRR8;3;3;1;3;0
S5RRPRR8;3;3;2;3;0
S5RRPRR8;3;3;3;0;1
S5RRPRR8;3;3;8;3;0
S5RRPRR8;3;4;1;3;0
S5RRPRR8;3;4;2;3;0
S5RRPRR8;3;4;3;3;0
S5RRPRR8;3;4;8;3;0
S5RRPRR8;3;9;1;3;0
S5RRPRR8;3;9;2;3;0
S5RRPRR8;3;9;3;3;0
S5RRPRR8;3;9;8;3;0
S5RRPRR9;3;1;1;3;0
S5RRPRR9;3;1;2;3;0
S5RRPRR9;3;1;3;3;0
S5RRPRR9;3;1;8;3;0
S5RRPRR9;3;2;1;3;0
S5RRPRR9;3;2;2;3;0
S5RRPRR9;3;2;3;3;0
S5RRPRR9;3;2;8;3;0
S5RRPRR9;3;3;1;3;0
S5RRPRR9;3;3;2;3;0
S5RRPRR9;3;3;3;3;0
S5RRPRR9;3;3;8;3;0
S5RRPRR9;3;4;1;3;0
S5RRPRR9;3;4;2;3;0
S5RRPRR9;3;4;3;3;0
S5RRPRR9;3;4;8;3;0
S5RRPRR9;3;9;1;3;0
S5RRPRR9;3;9;2;3;0
S5RRPRR9;3;9;3;3;0
S5RRPRR9;3;9;8;3;0
S5RRRPP1;3;1;1;1;0
S5RRRPP1;3;1;2;1;0
S5RRRPP1;3;1;3;1;0
S5RRRPP1;3;1;8;1;0
S5RRRPP1;3;2;1;1;0
S5RRRPP1;3;2;2;1;0
S5RRRPP1;3;2;3;1;0
S5RRRPP1;3;2;8;1;0
S5RRRPP1;3;3;1;1;0
S5RRRPP1;3;3;2;1;0
S5RRRPP1;3;3;3;1;0
S5RRRPP1;3;3;8;1;0
S5RRRPP1;3;4;1;1;0
S5RRRPP1;3;4;2;1;0
S5RRRPP1;3;4;3;1;0
S5RRRPP1;3;4;8;1;0
S5RRRPP1;3;9;1;1;0
S5RRRPP1;3;9;2;1;0
S5RRRPP1;3;9;3;1;0
S5RRRPP1;3;9;8;1;0
S5RRRPP2;3;1;1;1;0
S5RRRPP2;3;1;2;1;0
S5RRRPP2;3;1;3;1;0
S5RRRPP2;3;2;1;1;0
S5RRRPP2;3;2;2;1;0
S5RRRPP2;3;2;3;1;0
S5RRRPP2;3;3;1;1;0
S5RRRPP2;3;3;2;1;0
S5RRRPP2;3;3;3;1;0
S5RRRPP2;3;4;1;1;0
S5RRRPP2;3;4;2;1;0
S5RRRPP2;3;4;3;1;0
S5RRRPP3;3;1;1;1;0
S5RRRPP3;3;1;2;1;0
S5RRRPP3;3;1;3;1;0
S5RRRPP3;3;2;1;1;0
S5RRRPP3;3;2;2;1;0
S5RRRPP3;3;2;3;1;0
S5RRRPP3;3;3;1;1;0
S5RRRPP3;3;3;2;1;0
S5RRRPP3;3;3;3;1;0
S5RRRPP3;3;4;1;1;0
S5RRRPP3;3;4;2;1;0
S5RRRPP3;3;4;3;1;0
S5RRRPP4;3;1;1;1;0
S5RRRPP4;3;1;2;1;0
S5RRRPP4;3;1;3;1;0
S5RRRPP4;3;1;8;1;0
S5RRRPP4;3;2;1;1;0
S5RRRPP4;3;2;2;1;0
S5RRRPP4;3;2;3;1;0
S5RRRPP4;3;2;8;1;0
S5RRRPP4;3;3;1;1;0
S5RRRPP4;3;3;2;1;0
S5RRRPP4;3;3;3;1;0
S5RRRPP4;3;3;8;1;0
S5RRRPP4;3;4;1;1;0
S5RRRPP4;3;4;2;1;0
S5RRRPP4;3;4;3;1;0
S5RRRPP4;3;4;8;1;0
S5RRRPP4;3;9;1;1;0
S5RRRPP4;3;9;2;1;0
S5RRRPP4;3;9;3;1;0
S5RRRPP4;3;9;8;1;0
S5RRRPP5;3;1;1;1;0
S5RRRPP5;3;1;2;1;0
S5RRRPP5;3;1;3;1;0
S5RRRPP5;3;2;1;1;0
S5RRRPP5;3;2;2;1;0
S5RRRPP5;3;2;3;1;0
S5RRRPP5;3;3;1;1;0
S5RRRPP5;3;3;2;1;0
S5RRRPP5;3;3;3;1;0
S5RRRPP5;3;4;1;1;0
S5RRRPP5;3;4;2;1;0
S5RRRPP5;3;4;3;1;0
S5RRRPP6;3;1;1;1;0
S5RRRPP6;3;1;2;1;0
S5RRRPP6;3;1;3;1;0
S5RRRPP6;3;1;8;1;0
S5RRRPP6;3;2;1;1;0
S5RRRPP6;3;2;2;1;0
S5RRRPP6;3;2;3;1;0
S5RRRPP6;3;2;8;1;0
S5RRRPP6;3;3;1;1;0
S5RRRPP6;3;3;2;1;0
S5RRRPP6;3;3;3;1;0
S5RRRPP6;3;3;8;1;0
S5RRRPP6;3;4;1;1;0
S5RRRPP6;3;4;2;1;0
S5RRRPP6;3;4;3;1;0
S5RRRPP6;3;4;8;1;0
S5RRRPP6;3;9;1;1;0
S5RRRPP6;3;9;2;1;0
S5RRRPP6;3;9;3;1;0
S5RRRPP6;3;9;8;1;0
S5RRRPP7;3;1;1;1;0
S5RRRPP7;3;1;2;1;0
S5RRRPP7;3;1;3;1;0
S5RRRPP7;3;2;1;1;0
S5RRRPP7;3;2;2;1;0
S5RRRPP7;3;2;3;1;0
S5RRRPP7;3;3;1;1;0
S5RRRPP7;3;3;2;1;0
S5RRRPP7;3;3;3;1;0
S5RRRPP7;3;4;1;1;0
S5RRRPP7;3;4;2;1;0
S5RRRPP7;3;4;3;1;0
S5RRRPP8;3;1;1;1;0
S5RRRPP8;3;1;2;1;0
S5RRRPP8;3;1;3;1;0
S5RRRPP8;3;2;1;1;0
S5RRRPP8;3;2;2;1;0
S5RRRPP8;3;2;3;1;0
S5RRRPP8;3;3;1;1;0
S5RRRPP8;3;3;2;1;0
S5RRRPP8;3;3;3;1;0
S5RRRPP8;3;4;1;1;0
S5RRRPP8;3;4;2;1;0
S5RRRPP8;3;4;3;1;0
S5RRRPR1;3;1;1;3;0
S5RRRPR1;3;1;2;0;0
S5RRRPR1;3;1;3;0;0
S5RRRPR1;3;1;8;0;0
S5RRRPR1;3;2;1;0;0
S5RRRPR1;3;2;2;3;0
S5RRRPR1;3;2;3;0;0
S5RRRPR1;3;2;8;3;0
S5RRRPR1;3;3;1;0;0
S5RRRPR1;3;3;2;0;0
S5RRRPR1;3;3;3;3;0
S5RRRPR1;3;3;8;3;0
S5RRRPR1;3;4;1;3;0
S5RRRPR1;3;4;2;0;0
S5RRRPR1;3;4;3;3;0
S5RRRPR1;3;4;8;3;0
S5RRRPR1;3;9;1;0;0
S5RRRPR1;3;9;2;3;0
S5RRRPR1;3;9;3;3;0
S5RRRPR1;3;9;8;0;0
S5RRRPR10;3;1;1;3;0
S5RRRPR10;3;1;2;3;0
S5RRRPR10;3;1;3;3;0
S5RRRPR10;3;1;8;3;0
S5RRRPR10;3;2;1;3;0
S5RRRPR10;3;2;2;3;0
S5RRRPR10;3;2;3;3;0
S5RRRPR10;3;2;8;3;0
S5RRRPR10;3;3;1;3;0
S5RRRPR10;3;3;2;3;0
S5RRRPR10;3;3;3;3;0
S5RRRPR10;3;3;8;3;0
S5RRRPR10;3;4;1;3;0
S5RRRPR10;3;4;2;3;0
S5RRRPR10;3;4;3;3;0
S5RRRPR10;3;4;8;3;0
S5RRRPR10;3;9;1;3;0
S5RRRPR10;3;9;2;3;0
S5RRRPR10;3;9;3;3;0
S5RRRPR10;3;9;8;3;0
S5RRRPR11;3;1;1;3;0
S5RRRPR11;3;1;2;3;0
S5RRRPR11;3;1;3;3;0
S5RRRPR11;3;2;1;3;0
S5RRRPR11;3;2;2;3;0
S5RRRPR11;3;2;3;3;0
S5RRRPR11;3;3;3;3;0
S5RRRPR11;3;4;1;3;0
S5RRRPR11;3;4;2;3;0
S5RRRPR11;3;4;3;3;0
S5RRRPR12;3;1;1;0;0
S5RRRPR12;3;1;2;3;0
S5RRRPR12;3;1;3;3;0
S5RRRPR12;3;1;8;3;0
S5RRRPR12;3;2;1;3;0
S5RRRPR12;3;2;2;0;0
S5RRRPR12;3;2;3;3;0
S5RRRPR12;3;2;8;3;0
S5RRRPR12;3;3;1;3;0
S5RRRPR12;3;3;2;3;0
S5RRRPR12;3;3;3;0;0
S5RRRPR12;3;3;8;3;0
S5RRRPR12;3;4;1;3;0
S5RRRPR12;3;4;2;3;0
S5RRRPR12;3;4;3;3;0
S5RRRPR12;3;4;8;3;0
S5RRRPR12;3;9;1;3;0
S5RRRPR12;3;9;2;3;0
S5RRRPR12;3;9;3;3;0
S5RRRPR12;3;9;8;3;0
S5RRRPR13;3;1;1;3;0
S5RRRPR13;3;1;2;3;0
S5RRRPR13;3;1;3;3;0
S5RRRPR13;3;1;8;3;0
S5RRRPR13;3;2;1;3;0
S5RRRPR13;3;2;2;3;0
S5RRRPR13;3;2;3;3;0
S5RRRPR13;3;2;8;3;0
S5RRRPR13;3;3;1;3;0
S5RRRPR13;3;3;2;3;0
S5RRRPR13;3;3;3;3;0
S5RRRPR13;3;3;8;3;0
S5RRRPR13;3;4;1;3;0
S5RRRPR13;3;4;2;3;0
S5RRRPR13;3;4;3;3;0
S5RRRPR13;3;4;8;3;0
S5RRRPR13;3;9;1;3;0
S5RRRPR13;3;9;2;3;0
S5RRRPR13;3;9;3;3;0
S5RRRPR13;3;9;8;3;0
S5RRRPR2;3;1;1;0;0
S5RRRPR2;3;1;2;3;0
S5RRRPR2;3;1;3;0;0
S5RRRPR2;3;1;8;3;0
S5RRRPR2;3;2;1;3;0
S5RRRPR2;3;2;2;0;0
S5RRRPR2;3;2;3;0;0
S5RRRPR2;3;2;8;0;0
S5RRRPR2;3;3;1;0;0
S5RRRPR2;3;3;2;3;0
S5RRRPR2;3;3;3;0;0
S5RRRPR2;3;3;8;3;0
S5RRRPR2;3;4;1;0;0
S5RRRPR2;3;4;2;3;0
S5RRRPR2;3;4;3;0;0
S5RRRPR2;3;4;8;3;0
S5RRRPR2;3;9;1;3;0
S5RRRPR2;3;9;2;0;0
S5RRRPR2;3;9;3;0;0
S5RRRPR2;3;9;8;0;0
S5RRRPR3;3;1;1;0;1
S5RRRPR3;3;1;2;3;0
S5RRRPR3;3;1;3;0;1
S5RRRPR3;3;1;8;3;0
S5RRRPR3;3;2;1;3;0
S5RRRPR3;3;2;2;0;1
S5RRRPR3;3;2;3;0;1
S5RRRPR3;3;2;8;0;0
S5RRRPR3;3;3;1;0;1
S5RRRPR3;3;3;2;3;0
S5RRRPR3;3;3;3;0;1
S5RRRPR3;3;3;8;3;0
S5RRRPR3;3;4;1;0;1
S5RRRPR3;3;4;2;3;0
S5RRRPR3;3;4;3;0;1
S5RRRPR3;3;4;8;3;0
S5RRRPR3;3;9;1;3;0
S5RRRPR3;3;9;2;0;1
S5RRRPR3;3;9;3;0;1
S5RRRPR3;3;9;8;0;0
S5RRRPR4;3;1;1;3;0
S5RRRPR4;3;1;2;0;1
S5RRRPR4;3;1;3;0;1
S5RRRPR4;3;2;1;2;0
S5RRRPR4;3;2;2;3;0
S5RRRPR4;3;2;3;0;1
S5RRRPR4;3;3;1;2;0
S5RRRPR4;3;3;3;3;0
S5RRRPR4;3;4;1;2;0
S5RRRPR4;3;4;2;2;0
S5RRRPR4;3;4;3;2;0
S5RRRPR5;3;1;1;0;1
S5RRRPR5;3;1;2;3;0
S5RRRPR5;3;1;3;3;0
S5RRRPR5;3;1;8;3;0
S5RRRPR5;3;2;1;3;0
S5RRRPR5;3;2;2;0;1
S5RRRPR5;3;2;3;3;0
S5RRRPR5;3;2;8;3;0
S5RRRPR5;3;3;1;3;0
S5RRRPR5;3;3;2;3;0
S5RRRPR5;3;3;3;0;1
S5RRRPR5;3;3;8;3;0
S5RRRPR5;3;4;1;3;0
S5RRRPR5;3;4;2;3;0
S5RRRPR5;3;4;3;3;0
S5RRRPR5;3;4;8;3;0
S5RRRPR5;3;9;1;3;0
S5RRRPR5;3;9;2;3;0
S5RRRPR5;3;9;3;3;0
S5RRRPR5;3;9;8;3;0
S5RRRPR7;3;1;1;0;1
S5RRRPR7;3;1;2;3;0
S5RRRPR7;3;1;3;3;0
S5RRRPR7;3;1;8;3;0
S5RRRPR7;3;2;1;3;0
S5RRRPR7;3;2;2;0;1
S5RRRPR7;3;2;3;3;0
S5RRRPR7;3;2;8;3;0
S5RRRPR7;3;3;1;3;0
S5RRRPR7;3;3;2;3;0
S5RRRPR7;3;3;3;0;1
S5RRRPR7;3;3;8;3;0
S5RRRPR7;3;4;1;3;0
S5RRRPR7;3;4;2;3;0
S5RRRPR7;3;4;3;3;0
S5RRRPR7;3;4;8;3;0
S5RRRPR7;3;9;1;3;0
S5RRRPR7;3;9;2;3;0
S5RRRPR7;3;9;3;3;0
S5RRRPR7;3;9;8;3;0
S5RRRPR8;3;1;1;0;1
S5RRRPR8;3;1;2;3;0
S5RRRPR8;3;1;3;3;0
S5RRRPR8;3;2;1;3;0
S5RRRPR8;3;2;2;0;1
S5RRRPR8;3;2;3;3;0
S5RRRPR8;3;3;3;0;1
S5RRRPR8;3;4;1;3;0
S5RRRPR8;3;4;2;3;0
S5RRRPR8;3;4;3;3;0
S5RRRPR9;3;1;1;0;0
S5RRRPR9;3;1;2;3;0
S5RRRPR9;3;1;3;3;0
S5RRRPR9;3;1;8;3;0
S5RRRPR9;3;2;1;3;0
S5RRRPR9;3;2;2;0;0
S5RRRPR9;3;2;3;3;0
S5RRRPR9;3;2;8;3;0
S5RRRPR9;3;3;1;3;0
S5RRRPR9;3;3;2;3;0
S5RRRPR9;3;3;3;0;0
S5RRRPR9;3;3;8;3;0
S5RRRPR9;3;4;1;3;0
S5RRRPR9;3;4;2;3;0
S5RRRPR9;3;4;3;3;0
S5RRRPR9;3;4;8;3;0
S5RRRPR9;3;9;1;3;0
S5RRRPR9;3;9;2;3;0
S5RRRPR9;3;9;3;3;0
S5RRRPR9;3;9;8;3;0
S5RRRRR1;3;1;1;0;3
S5RRRRR1;3;1;2;3;0
S5RRRRR1;3;1;3;3;0
S5RRRRR1;3;1;8;3;0
S5RRRRR1;3;2;1;3;0
S5RRRRR1;3;2;2;0;4
S5RRRRR1;3;2;3;3;0
S5RRRRR1;3;2;8;3;0
S5RRRRR1;3;3;1;3;0
S5RRRRR1;3;3;2;3;0
S5RRRRR1;3;3;3;0;3
S5RRRRR1;3;3;8;3;0
S5RRRRR1;3;4;1;3;0
S5RRRRR1;3;4;2;3;0
S5RRRRR1;3;4;3;3;0
S5RRRRR1;3;4;8;3;0
S5RRRRR1;3;9;1;3;0
S5RRRRR1;3;9;2;3;0
S5RRRRR1;3;9;3;3;0
S5RRRRR1;3;9;8;3;0
S5RRRRR10;3;1;1;0;2
S5RRRRR10;3;1;2;3;0
S5RRRRR10;3;1;3;3;0
S5RRRRR10;3;1;8;3;0
S5RRRRR10;3;2;1;3;0
S5RRRRR10;3;2;2;0;2
S5RRRRR10;3;2;3;3;0
S5RRRRR10;3;2;8;3;0
S5RRRRR10;3;3;1;3;0
S5RRRRR10;3;3;2;3;0
S5RRRRR10;3;3;3;0;2
S5RRRRR10;3;3;8;3;0
S5RRRRR10;3;4;1;3;0
S5RRRRR10;3;4;2;3;0
S5RRRRR10;3;4;3;3;0
S5RRRRR10;3;4;8;3;0
S5RRRRR10;3;9;1;3;0
S5RRRRR10;3;9;2;3;0
S5RRRRR10;3;9;3;3;0
S5RRRRR10;3;9;8;3;0
S5RRRRR11;3;1;1;3;0
S5RRRRR11;3;1;2;3;0
S5RRRRR11;3;1;3;3;0
S5RRRRR11;3;1;8;3;0
S5RRRRR11;3;2;1;3;0
S5RRRRR11;3;2;2;3;0
S5RRRRR11;3;2;3;3;0
S5RRRRR11;3;2;8;3;0
S5RRRRR11;3;3;1;3;0
S5RRRRR11;3;3;2;3;0
S5RRRRR11;3;3;3;3;0
S5RRRRR11;3;3;8;3;0
S5RRRRR11;3;4;1;3;0
S5RRRRR11;3;4;2;3;0
S5RRRRR11;3;4;3;3;0
S5RRRRR11;3;4;8;3;0
S5RRRRR11;3;9;1;3;0
S5RRRRR11;3;9;2;3;0
S5RRRRR11;3;9;3;3;0
S5RRRRR11;3;9;8;3;0
S5RRRRR12;3;1;1;3;0
S5RRRRR12;3;1;2;3;0
S5RRRRR12;3;1;3;3;0
S5RRRRR12;3;1;8;3;0
S5RRRRR12;3;2;1;3;0
S5RRRRR12;3;2;2;3;0
S5RRRRR12;3;2;3;3;0
S5RRRRR12;3;2;8;3;0
S5RRRRR12;3;3;1;3;0
S5RRRRR12;3;3;2;3;0
S5RRRRR12;3;3;3;3;0
S5RRRRR12;3;3;8;3;0
S5RRRRR12;3;4;1;3;0
S5RRRRR12;3;4;2;3;0
S5RRRRR12;3;4;3;3;0
S5RRRRR12;3;4;8;3;0
S5RRRRR12;3;9;1;3;0
S5RRRRR12;3;9;2;3;0
S5RRRRR12;3;9;3;3;0
S5RRRRR12;3;9;8;3;0
S5RRRRR2;3;1;1;0;2
S5RRRRR2;3;1;2;3;0
S5RRRRR2;3;1;3;3;0
S5RRRRR2;3;1;8;3;0
S5RRRRR2;3;2;1;3;0
S5RRRRR2;3;2;2;0;2
S5RRRRR2;3;2;3;3;0
S5RRRRR2;3;2;8;3;0
S5RRRRR2;3;3;1;3;0
S5RRRRR2;3;3;2;3;0
S5RRRRR2;3;3;3;0;2
S5RRRRR2;3;3;8;3;0
S5RRRRR2;3;4;1;3;0
S5RRRRR2;3;4;2;3;0
S5RRRRR2;3;4;3;3;0
S5RRRRR2;3;4;8;3;0
S5RRRRR2;3;9;1;3;0
S5RRRRR2;3;9;2;3;0
S5RRRRR2;3;9;3;3;0
S5RRRRR2;3;9;8;3;0
S5RRRRR3;3;1;1;0;2
S5RRRRR3;3;1;2;3;0
S5RRRRR3;3;1;3;3;0
S5RRRRR3;3;2;1;3;0
S5RRRRR3;3;2;2;0;2
S5RRRRR3;3;2;3;3;0
S5RRRRR3;3;3;1;3;0
S5RRRRR3;3;3;2;3;0
S5RRRRR3;3;3;3;0;2
S5RRRRR3;3;4;1;3;0
S5RRRRR3;3;4;2;3;0
S5RRRRR3;3;4;3;3;0
S5RRRRR5;3;1;1;0;3
S5RRRRR5;3;1;2;3;0
S5RRRRR5;3;1;3;0;3
S5RRRRR5;3;1;8;3;0
S5RRRRR5;3;2;1;3;0
S5RRRRR5;3;2;2;0;3
S5RRRRR5;3;2;3;0;3
S5RRRRR5;3;2;8;0;1
S5RRRRR5;3;3;1;0;3
S5RRRRR5;3;3;2;3;0
S5RRRRR5;3;3;3;0;0
S5RRRRR5;3;3;8;3;0
S5RRRRR5;3;4;1;0;3
S5RRRRR5;3;4;2;3;0
S5RRRRR5;3;4;3;0;1
S5RRRRR5;3;4;8;3;0
S5RRRRR5;3;9;1;3;0
S5RRRRR5;3;9;2;0;1
S5RRRRR5;3;9;3;0;1
S5RRRRR5;3;9;8;0;0
S5RRRRR6;3;1;1;0;2
S5RRRRR6;3;1;2;3;0
S5RRRRR6;3;1;3;0;2
S5RRRRR6;3;1;8;3;0
S5RRRRR6;3;2;1;3;0
S5RRRRR6;3;2;2;0;2
S5RRRRR6;3;2;3;0;2
S5RRRRR6;3;2;8;0;0
S5RRRRR6;3;3;1;0;2
S5RRRRR6;3;3;2;3;0
S5RRRRR6;3;3;3;0;2
S5RRRRR6;3;3;8;3;0
S5RRRRR6;3;4;1;0;2
S5RRRRR6;3;4;2;3;0
S5RRRRR6;3;4;3;0;2
S5RRRRR6;3;4;8;3;0
S5RRRRR6;3;9;1;3;0
S5RRRRR6;3;9;2;0;0
S5RRRRR6;3;9;3;0;0
S5RRRRR6;3;9;8;0;0
S5RRRRR7;3;1;1;0;3
S5RRRRR7;3;1;2;3;0
S5RRRRR7;3;1;3;3;0
S5RRRRR7;3;1;8;3;0
S5RRRRR7;3;2;1;3;0
S5RRRRR7;3;2;2;0;4
S5RRRRR7;3;2;3;3;0
S5RRRRR7;3;2;8;3;0
S5RRRRR7;3;3;1;3;0
S5RRRRR7;3;3;2;3;0
S5RRRRR7;3;3;3;0;4
S5RRRRR7;3;3;8;3;0
S5RRRRR7;3;4;1;3;0
S5RRRRR7;3;4;2;3;0
S5RRRRR7;3;4;3;3;0
S5RRRRR7;3;4;8;3;0
S5RRRRR7;3;9;1;3;0
S5RRRRR7;3;9;2;3;0
S5RRRRR7;3;9;3;3;0
S5RRRRR7;3;9;8;3;0
S5RRRRR8;3;1;1;0;2
S5RRRRR8;3;1;2;3;0
S5RRRRR8;3;1;3;3;0
S5RRRRR8;3;1;8;3;0
S5RRRRR8;3;2;1;3;0
S5RRRRR8;3;2;2;0;2
S5RRRRR8;3;2;3;3;0
S5RRRRR8;3;2;8;3;0
S5RRRRR8;3;3;1;3;0
S5RRRRR8;3;3;2;3;0
S5RRRRR8;3;3;3;0;2
S5RRRRR8;3;3;8;3;0
S5RRRRR8;3;4;1;3;0
S5RRRRR8;3;4;2;3;0
S5RRRRR8;3;4;3;3;0
S5RRRRR8;3;4;8;3;0
S5RRRRR8;3;9;1;3;0
S5RRRRR8;3;9;2;3;0
S5RRRRR8;3;9;3;3;0
S5RRRRR8;3;9;8;3;0
S5RRRRR9;3;1;1;3;0
S5RRRRR9;3;1;2;3;0
S5RRRRR9;3;1;3;3;0
S5RRRRR9;3;1;8;3;0
S5RRRRR9;3;2;1;3;0
S5RRRRR9;3;2;2;3;0
S5RRRRR9;3;2;3;3;0
S5RRRRR9;3;2;8;3;0
S5RRRRR9;3;3;1;3;0
S5RRRRR9;3;3;2;3;0
S5RRRRR9;3;3;3;3;0
S5RRRRR9;3;3;8;3;0
S5RRRRR9;3;4;1;3;0
S5RRRRR9;3;4;2;3;0
S5RRRRR9;3;4;3;3;0
S5RRRRR9;3;4;8;3;0
S5RRRRR9;3;9;1;3;0
S5RRRRR9;3;9;2;3;0
S5RRRRR9;3;9;3;3;0
S5RRRRR9;3;9;8;3;0
